[
        {
            "name": "Raid 2 เจ้าหน้าที่ระห่ำท้าทรชน 2 (2025)",
            "info": "บรรยายไทย",
            "image": "https://img.fw4free.com/postor/20250626093032562SAxZP1sLuYqDDTuODu3hdGyx.jpg",
            "subtitle": "https://pastebin.com/raw/XjDpyhzb",
            "url": "https://m1free.inwstream.com:1936/movie4/Raid_2_2025/Raid_2_2025_ST_1080p.mp4/playlist.m3u8",
            "referer": "https://fw4free.com/"
        },
        {
            "name": "HIT: The First Case คดีแรก (2022)",
            "info": "บรรยายไทย",
            "image": "https://img.fw4free.com/postor/202506250830452atbIXGT3FFmPpjxrbYGQwnkPMt.jpg",
            "subtitle": "https://pastebin.com/raw/XjDpyhzb",
            "url": "https://m1free.inwstream.com:1936/movie4/HIT_The_First_Case_2022/HIT_The_First_Case_2022_ST_1080p.mp4/playlist.m3u8",
            "referer": "https://fw4free.com/"
        },
        {
            "name": "HIT: The 3rd Case คดีที่สาม (2025)",
            "info": "บรรยายไทย",
            "image": "https://img.fw4free.com/postor/20250625081558oiYrHy6vzJXXOQ6Now6IL9gWk3S.jpg",
            "subtitle": "https://pastebin.com/raw/XjDpyhzb",
            "url": "https://m1free.inwstream.com:1936/movie4/HIT_The_Third_Case_2025/HIT_The_Third_Case_2025_ST_1080p.mp4/playlist.m3u8",
            "referer": "https://fw4free.com/"
        },
        {
            "name": "Flying Colors บีลี่เกล สาวน้อยวัยวุ่น (2015)",
            "info": "พากย์ไทย",
            "image": "https://img.fw4free.com/postor/20250625034803m53V2l1A5imyTvXDlxltc49hZfU.jpg",
            "subtitle": "https://pastebin.com/raw/XjDpyhzb",
            "url": "https://m1free.inwstream.com:1936/movie4/Flying_Colors_2015/Flying_Colors_2015_th_1080.mp4/playlist.m3u8",
            "referer": "https://fw4free.com/"
        },
        {
            "name": "Prison Chaos (2023)",
            "info": "บรรยายไทย",
            "image": "https://img.fw4free.com/postor/20250624051228xFdxmWcdvozjFfbWs1SEQaKFOE.jpg",
            "subtitle": "https://pastebin.com/raw/XjDpyhzb",
            "url": "https://m1free.inwstream.com:1936/movie4/Prison_Chaos_2023/Prison_Chaos_2023_st_1080.mp4/playlist.m3u8",
            "referer": "https://fw4free.com/"
        },
        {
            "name": "Pilot ต้าวนักบิน จิ้นกันไหมจ๊ะ (2024)",
            "info": "พากย์ไทย",
            "image": "https://img.fw4free.com/postor/20240917230011lqyXcutZbbTsBrETstMl7XLMgOF.jpg",
            "subtitle": "https://pastebin.com/raw/XjDpyhzb",
            "url": "https://m1free.inwstream.com:1936/movie4/Pilot_2024/Pilot_2024_th_1080.mp4/playlist.m3u8",
            "referer": "https://fw4free.com/"
        },
        {
            "name": "Pilot ต้าวนักบิน จิ้นกันไหมจ๊ะ (2024)",
            "info": "บรรยายไทย",
            "image": "https://img.fw4free.com/postor/20240917230011lqyXcutZbbTsBrETstMl7XLMgOF.jpg",
            "subtitle": "https://pastebin.com/raw/XjDpyhzb",
            "url": "https://m1free.inwstream.com:1936/movie4/Pilot_2024/Pilot_2024_st_1080_F.mp4/playlist.m3u8",
            "referer": "https://fw4free.com/"
        },
        {
            "name": "Green Bones ภารกิจยุติธรรม (2024)",
            "info": "บรรยายไทย",
            "image": "https://img.fw4free.com/postor/20250619090821hAVB8gjDAMvb6eu0UgUtXnXCMd7.jpg",
            "subtitle": "https://pastebin.com/raw/XjDpyhzb",
            "url": "https://m1free.inwstream.com:1936/movie4/Green_Bones_2024/Green_Bones_2024_ST_1080p.mp4/playlist.m3u8",
            "referer": "https://fw4free.com/"
        },
        {
            "name": "The Blind Reaper นักฆ่าตาบอด (2025)",
            "info": "บรรยายไทย",
            "image": "https://img.fw4free.com/postor/20250617204010sBaHzbRunYN8aHH2CE9fzZWFGjY.jpg",
            "subtitle": "https://pastebin.com/raw/XjDpyhzb",
            "url": "https://m1free.inwstream.com:1936/movie4/Blind_Murder_2025/Blind_Murder_2025_st_1080_AI.mp4/playlist.m3u8",
            "referer": "https://fw4free.com/"
        },
        {
            "name": "Retro แค้นข้ามเวลา (2025)",
            "info": "บรรยายไทย",
            "image": "https://img.fw4free.com/postor/20250617081514bN5r5RX4ynZm50qhDGWdTRgI1Yv.jpg",
            "subtitle": "https://pastebin.com/raw/XjDpyhzb",
            "url": "https://m1free.inwstream.com:1936/movie4/Retro_2025/Retro_2025_ST_1080p.mp4/playlist.m3u8",
            "referer": "https://fw4free.com/"
        },
        {
            "name": "Mega Crocodile 2 โคตรไอ้เข้ 2 (2022)",
            "info": "บรรยายไทย",
            "image": "https://img.fw4free.com/postor/20250615231350tfxsix01IjXE5QJRcFDYxYk0KlH.jpg",
            "subtitle": "https://pastebin.com/raw/XjDpyhzb",
            "url": "https://m1free.inwstream.com:1936/movie4/Mega_Crocodile_2_2022/Mega_Crocodile_2_2022_st_720.mp4/playlist.m3u8",
            "referer": "https://fw4free.com/"
        },
        {
            "name": "Mega Crocodile โคตรไอ้เคี่ยมคลานขย้ำ (2019)",
            "info": "พากย์ไทย",
            "image": "https://img.fw4free.com/postor/20250615230948tKTv7FnX5ZrYkcds3FswsovPhNP.jpg",
            "subtitle": "https://pastebin.com/raw/XjDpyhzb",
            "url": "https://m1free.inwstream.com:1936/movie4/Mega_Crocodile_2019/Mega_Crocodile_2019_th_1080.mp4/playlist.m3u8",
            "referer": "https://fw4free.com/"
        },
        {
            "name": "Mega Crocodile โคตรไอ้เคี่ยมคลานขย้ำ (2019)",
            "info": "บรรยายไทย",
            "image": "https://img.fw4free.com/postor/20250615230948tKTv7FnX5ZrYkcds3FswsovPhNP.jpg",
            "subtitle": "https://pastebin.com/raw/XjDpyhzb",
            "url": "https://m1free.inwstream.com:1936/movie4/Mega_Crocodile_2019/Mega_Crocodile_2019_st_1080.mp4/playlist.m3u8",
            "referer": "https://fw4free.com/"
        },
        {
            "name": "Cells at Work! เซลล์ขยันพันธุ์เดือด (2024)",
            "info": "พากย์ไทย",
            "image": "https://img.fw4free.com/postor/20250408142907l2Kvldboi5gosXNA6st8hSinteM.jpg",
            "subtitle": "https://pastebin.com/raw/XjDpyhzb",
            "url": "https://m1free.inwstream.com:1936/movie4/Cells_at_Work_2024/Cells_at_Work_2024_TH_1080p.mp4/playlist.m3u8",
            "referer": "https://fw4free.com/"
        },
        {
            "name": "Cells at Work! เซลล์ขยันพันธุ์เดือด (2024)",
            "info": "บรรยายไทย",
            "image": "https://img.fw4free.com/postor/20250408142907l2Kvldboi5gosXNA6st8hSinteM.jpg",
            "subtitle": "https://pastebin.com/raw/XjDpyhzb",
            "url": "https://m1free.inwstream.com:1936/movie4/Cells_at_Work_2024/Cells_at_Work_2024_ST_1080p.mp4/playlist.m3u8",
            "referer": "https://fw4free.com/"
        },
        {
            "name": "Sisters on the Road (2009)",
            "info": "บรรยายไทย",
            "image": "https://img.fw4free.com/postor/20250612151052vMqlMBYmSz0k9dhH8HZcwLhfoK0.jpg",
            "subtitle": "https://pastebin.com/raw/XjDpyhzb",
            "url": "https://m1free.inwstream.com:1936/movie4/Sisters_on_the_Road_2009/Sisters_on_the_Road_2009_st_1080.mp4/playlist.m3u8",
            "referer": "https://fw4free.com/"
        },
        {
            "name": "Return of the Mafia (2012)",
            "info": "บรรยายไทย",
            "image": "https://img.fw4free.com/postor/202506121506183DRUtAxc6vPeo4dafojY38rwNWU.jpg",
            "subtitle": "https://pastebin.com/raw/XjDpyhzb",
            "url": "https://m1free.inwstream.com:1936/movie4/Return_of_the_Mafia_2012/Return_of_the_Mafia_2012_st_1080.mp4/playlist.m3u8",
            "referer": "https://fw4free.com/"
        },
        {
            "name": "Punch-Drunk Love (2023)",
            "info": "บรรยายไทย",
            "image": "https://img.fw4free.com/postor/202506121503084nJTt9qRxddcch2deNduVqqKJQO.jpg",
            "subtitle": "https://pastebin.com/raw/XjDpyhzb",
            "url": "https://m1free.inwstream.com:1936/movie4/Punch_Drunk_Love_2023/Punch_Drunk_Love_2023_st_1080.mp4/playlist.m3u8",
            "referer": "https://fw4free.com/"
        },
        {
            "name": "A Reason to Live (2011)",
            "info": "บรรยายไทย",
            "image": "https://img.fw4free.com/postor/20250612145906c28b4RUb55nGUy7i6UT1XWTabDJ.jpg",
            "subtitle": "https://pastebin.com/raw/XjDpyhzb",
            "url": "https://m1free.inwstream.com:1936/movie4/A_Reason_to_Live_2011/A_Reason_to_Live_2011_st_1080.mp4/playlist.m3u8",
            "referer": "https://fw4free.com/"
        },
        {
            "name": "Firefighters (2024)",
            "info": "บรรยายไทย",
            "image": "https://img.fw4free.com/postor/20250611185541x8XgnJrMFyEqB3NRWc1W3Dl0SUQ.jpg",
            "subtitle": "https://pastebin.com/raw/XjDpyhzb",
            "url": "https://m1free.inwstream.com:1936/movie4/Firefighters_2024/Firefighters_2024_st_1080.mp4/playlist.m3u8",
            "referer": "https://fw4free.com/"
        },
        {
            "name": "Z.1 Pengantin Iblis (The Demon's Bride)",
            "info": "พากย์ไทยโรง",
            "image": "https://img.fw4free.com/postor/202506111851196UWQVddCVCnFM4G7PSHcCc5NGtI.jpg",
            "subtitle": "https://pastebin.com/raw/XjDpyhzb",
            "url": "https://m1free.inwstream.com:1936/movie4/Pengantin_Iblis_2025/Pengantin_Iblis_2025_thr_z1.mp4/playlist.m3u8",
            "referer": "https://fw4free.com/"
        },
        {
            "name": "Dr. Coto's Clinic (2022)",
            "info": "บรรยายไทย",
            "image": "https://img.fw4free.com/postor/20250611183537r2NCtKJs6DV2mrk1JCZn5cw064n.jpg",
            "subtitle": "https://pastebin.com/raw/XjDpyhzb",
            "url": "https://m1free.inwstream.com:1936/movie4/Dr_Coto_s_Clinic_2022/Dr_Coto_s_Clinic_2022_st_1080.mp4/playlist.m3u8",
            "referer": "https://fw4free.com/"
        },
        {
            "name": "Election 2 ขึ้นทำเนียบเลือกเจ้าพ่อ 2 (2006)",
            "info": "พากย์ไทย",
            "image": "https://img.fw4free.com/postor/20250611182247bjIwRS0DfwJQxFlDGk2HpH3gg1C.jpg",
            "subtitle": "https://pastebin.com/raw/XjDpyhzb",
            "url": "https://m1free.inwstream.com:1936/movie4/Election_2_2006/Election_2_2006_th_1080.mp4/playlist.m3u8",
            "referer": "https://fw4free.com/"
        },
        {
            "name": "Election 2 ขึ้นทำเนียบเลือกเจ้าพ่อ 2 (2006)",
            "info": "บรรยายไทย",
            "image": "https://img.fw4free.com/postor/20250611182247bjIwRS0DfwJQxFlDGk2HpH3gg1C.jpg",
            "subtitle": "https://pastebin.com/raw/XjDpyhzb",
            "url": "https://m1free.inwstream.com:1936/movie4/Election_2_2006/Election_2_2006_st_1080.mp4/playlist.m3u8",
            "referer": "https://fw4free.com/"
        },
        {
            "name": "Jaat เดือดล้างอิทธิพล (2025)",
            "info": "บรรยายไทย",
            "image": "https://img.fw4free.com/postor/20250609090552iV5rMrld86kNBWEy75Cjq8RRFaO.jpg",
            "subtitle": "https://pastebin.com/raw/XjDpyhzb",
            "url": "https://m1free.inwstream.com:1936/movie4/Jaat_2025/Jaat_2025_ST_1080p.mp4/playlist.m3u8",
            "referer": "https://fw4free.com/"
        },
        {
            "name": "Project Silence เขี้ยวชีวะ คลั่งสะพานนรก (2023)",
            "info": "พากย์ไทย",
            "image": "https://img.fw4free.com/postor/20250609075047lZT5Cq4wkz7IeJEnz94U94xuEWD.jpg",
            "subtitle": "https://pastebin.com/raw/XjDpyhzb",
            "url": "https://m1free.inwstream.com:1936/movie4/Project_Silence_2023/Project_Silence_2023_TH_1080p.mp4/playlist.m3u8",
            "referer": "https://fw4free.com/"
        },
        {
            "name": "Project Silence เขี้ยวชีวะ คลั่งสะพานนรก (2023)",
            "info": "บรรยายไทย",
            "image": "https://img.fw4free.com/postor/20250609075047lZT5Cq4wkz7IeJEnz94U94xuEWD.jpg",
            "subtitle": "https://pastebin.com/raw/XjDpyhzb",
            "url": "https://m1free.inwstream.com:1936/movie4/Project_Silence_2023/Project_Silence_2023_ST_1080p.mp4/playlist.m3u8",
            "referer": "https://fw4free.com/"
        },
        {
            "name": "Three Sisters (2014)",
            "info": "บรรยายไทย",
            "image": "https://img.fw4free.com/postor/202506071413048Auu1stLMNogXsQ4leQo7qcPsQH.jpg",
            "subtitle": "https://pastebin.com/raw/XjDpyhzb",
            "url": "https://m1free.inwstream.com:1936/movie4/Three_Sisters_2014/Three_Sisters_2014_st_720.mp4/playlist.m3u8",
            "referer": "https://fw4free.com/"
        },
        {
            "name": "Nabbie's Love (1999)",
            "info": "บรรยายไทย",
            "image": "https://img.fw4free.com/postor/20250607140708qMXhaKavImG4KflWn17skniUaDW.jpg",
            "subtitle": "https://pastebin.com/raw/XjDpyhzb",
            "url": "https://m1free.inwstream.com:1936/movie4/Nabbie_s_Love_1999/Nabbie_s_Love_1999_st_720.mp4/playlist.m3u8",
            "referer": "https://fw4free.com/"
        },
        {
            "name": "Love and the Grand Tug-of-war (2021)",
            "info": "บรรยายไทย",
            "image": "https://img.fw4free.com/postor/202506071401349XMLhvqWnOu8JrlUhCqf42WHwCI.jpg",
            "subtitle": "https://pastebin.com/raw/XjDpyhzb",
            "url": "https://m1free.inwstream.com:1936/movie4/Love_and_the_Grand_Tug_of_war_2021/Love_and_the_Grand_Tug_of_war_2021_st_1080.mp4/playlist.m3u8",
            "referer": "https://fw4free.com/"
        },
        {
            "name": "The Antarctic Octopus ปลาหมึกยักษ์แห่งแอนตาร์กติก (2023)",
            "info": "พากย์ไทย",
            "image": "https://img.fw4free.com/postor/20250607135519z891ErkkBugb49FVIhnkJqXSJ1y.jpg",
            "subtitle": "https://pastebin.com/raw/XjDpyhzb",
            "url": "https://m1free.inwstream.com:1936/movie4/The_Antarctic_Octopus_2023/The_Antarctic_Octopus_2023_th_1080_1.mp4/playlist.m3u8",
            "referer": "https://fw4free.com/"
        },
        {
            "name": "The Antarctic Octopus ปลาหมึกยักษ์แห่งแอนตาร์กติก (2023)",
            "info": "บรรยายไทย",
            "image": "https://img.fw4free.com/postor/20250607135519z891ErkkBugb49FVIhnkJqXSJ1y.jpg",
            "subtitle": "https://pastebin.com/raw/XjDpyhzb",
            "url": "https://m1free.inwstream.com:1936/movie4/The_Antarctic_Octopus_2023/The_Antarctic_Octopus_2023_st_1080.mp4/playlist.m3u8",
            "referer": "https://fw4free.com/"
        },
        {
            "name": "Uninvited แค้นไม่ได้รับเชิญ (2024)",
            "info": "บรรยายไทย",
            "image": "https://img.fw4free.com/postor/20250605144453gchPjcZwTif6FEHEV7Z07i9PhOE.jpg",
            "subtitle": "https://pastebin.com/raw/XjDpyhzb",
            "url": "https://m1free.inwstream.com:1936/movie4/Uninvited_2024/Uninvited_2024_ST_1080p.mp4/playlist.m3u8",
            "referer": "https://fw4free.com/"
        },
        {
            "name": "Mumu รักที่ไม่เอื้อนเอ่ย (2025)",
            "info": "พากย์ไทย",
            "image": "https://img.fw4free.com/postor/2025060415213042HHO0W3EQdd8TFpRFHnHHYcdQv.jpg",
            "subtitle": "https://pastebin.com/raw/XjDpyhzb",
            "url": "https://m1free.inwstream.com:1936/movie4/Mumu_2025/Mumu_2025_th_1080.mp4/playlist.m3u8",
            "referer": "https://fw4free.com/"
        },
        {
            "name": "Mumu รักที่ไม่เอื้อนเอ่ย (2025)",
            "info": "บรรยายไทย",
            "image": "https://img.fw4free.com/postor/2025060415213042HHO0W3EQdd8TFpRFHnHHYcdQv.jpg",
            "subtitle": "https://pastebin.com/raw/XjDpyhzb",
            "url": "https://m1free.inwstream.com:1936/movie4/Mumu_2025/Mumu_2025_st_1080.mp4/playlist.m3u8",
            "referer": "https://fw4free.com/"
        },
        {
            "name": "Jack จารชนคนป่วน (2025)",
            "info": "บรรยายไทย",
            "image": "https://img.fw4free.com/postor/20250604085334xkat9sykUnlwoeRW59X5mdVKfAi.jpg",
            "subtitle": "https://pastebin.com/raw/XjDpyhzb",
            "url": "https://m1free.inwstream.com:1936/movie4/Jack_2025/Jack_2025_ST_1080p.mp4/playlist.m3u8",
            "referer": "https://fw4free.com/"
        },
        {
            "name": "Subdue the Devil มือปราบราชาพยัคฆ์ (2022)",
            "info": "พากย์ไทย",
            "image": "https://img.fw4free.com/postor/20250603014537g4I0WVp55IHTp9vYImZV0a5Di6e.jpg",
            "subtitle": "https://pastebin.com/raw/XjDpyhzb",
            "url": "https://m1free.inwstream.com:1936/movie4/Subdue_the_Devil_2022/Subdue_the_Devil_2022_th_1080.mp4/playlist.m3u8",
            "referer": "https://fw4free.com/"
        },
        {
            "name": "Subdue the Devil มือปราบราชาพยัคฆ์ (2022)",
            "info": "บรรยายไทย",
            "image": "https://img.fw4free.com/postor/20250603014537g4I0WVp55IHTp9vYImZV0a5Di6e.jpg",
            "subtitle": "https://pastebin.com/raw/XjDpyhzb",
            "url": "https://m1free.inwstream.com:1936/movie4/Subdue_the_Devil_2022/Subdue_the_Devil_2022_st_1080.mp4/playlist.m3u8",
            "referer": "https://fw4free.com/"
        },
        {
            "name": "New Painted Skin ร่างใหม่ (2022)",
            "info": "พากย์ไทย",
            "image": "https://img.fw4free.com/postor/20250603013946lzarUOe5V3wiv2e8NwUPRDQb3rg.jpg",
            "subtitle": "https://pastebin.com/raw/XjDpyhzb",
            "url": "https://m1free.inwstream.com:1936/movie4/New_Painted_Skin_2022/New_Painted_Skin_2022_th_1080.mp4/playlist.m3u8",
            "referer": "https://fw4free.com/"
        },
        {
            "name": "New Painted Skin ร่างใหม่ (2022)",
            "info": "บรรยายไทย",
            "image": "https://img.fw4free.com/postor/20250603013946lzarUOe5V3wiv2e8NwUPRDQb3rg.jpg",
            "subtitle": "https://pastebin.com/raw/XjDpyhzb",
            "url": "https://m1free.inwstream.com:1936/movie4/New_Painted_Skin_2022/New_Painted_Skin_2022_st_1080.mp4/playlist.m3u8",
            "referer": "https://fw4free.com/"
        },
        {
            "name": "Fights Break Sphere 4 สัประยุทธ์ทะลุฟ้า 4 : หนีตาย (2025)",
            "info": "บรรยายไทย",
            "image": "https://img.fw4free.com/postor/20250603013124jEarZ3PDUt6mUucRmVNBENPNDMI.jpg",
            "subtitle": "https://pastebin.com/raw/XjDpyhzb",
            "url": "https://m1free.inwstream.com:1936/movie4/Fights_Break_Sphere_4_2025/Fights_Break_Sphere_4_2025_st_1080.mp4/playlist.m3u8",
            "referer": "https://fw4free.com/"
        },
        {
            "name": "Fights Break Sphere 3 สัประยุทธ์ทะลุฟ้า 3 : ขจัดความชั่วร้าย (2024)",
            "info": "บรรยายไทย",
            "image": "https://img.fw4free.com/postor/20250603012722mJJWYWicTKbbN9QmAOvJGdIb0I7.jpg",
            "subtitle": "https://pastebin.com/raw/XjDpyhzb",
            "url": "https://m1free.inwstream.com:1936/movie4/Fights_Break_Sphere_3_2024/Fights_Break_Sphere_3_2024_st_1080.mp4/playlist.m3u8",
            "referer": "https://fw4free.com/"
        },
        {
            "name": "Secret: Untold Melody (Malhal su eobsneun bimil)",
            "info": "พากย์ไทย",
            "image": "https://img.fw4free.com/postor/20250602080459PcB8WoJmw4JcgJFSkeM6Wsq3hm.jpg",
            "subtitle": "https://pastebin.com/raw/XjDpyhzb",
            "url": "https://m1free.inwstream.com:1936/movie4/Secret_Untold_Melody_2023/Secret_Untold_Melody_2023_TH_1080p.mp4/playlist.m3u8",
            "referer": "https://fw4free.com/"
        },
        {
            "name": "Secret: Untold Melody (Malhal su eobsneun bimil)",
            "info": "บรรยายไทย",
            "image": "https://img.fw4free.com/postor/20250602080459PcB8WoJmw4JcgJFSkeM6Wsq3hm.jpg",
            "subtitle": "https://pastebin.com/raw/XjDpyhzb",
            "url": "https://m1free.inwstream.com:1936/movie4/Secret_Untold_Melody_2023/Secret_Untold_Melody_2023_ST_1080p.mp4/playlist.m3u8",
            "referer": "https://fw4free.com/"
        },
        {
            "name": "Duel to the Death ท้าฟัน (1983)",
            "info": "พากย์ไทย",
            "image": "https://img.fw4free.com/postor/20250531085640a6diqDVVpvagC3KPZctCipMcmgs.jpg",
            "subtitle": "https://pastebin.com/raw/XjDpyhzb",
            "url": "https://m1free.inwstream.com:1936/movie4/Duel_to_the_Death_1983/Duel_to_the_Death_1983_th_1080.mp4/playlist.m3u8",
            "referer": "https://fw4free.com/"
        },
        {
            "name": "Legend of Detective Dee ตี๋เหรินเจี๋ย คลองมังกรผวา (2023)",
            "info": "พากย์ไทย",
            "image": "https://img.fw4free.com/postor/20250531084542rNRxBm_4f.jpg",
            "subtitle": "https://pastebin.com/raw/XjDpyhzb",
            "url": "https://m1free.inwstream.com:1936/movie4/Legend_of_Detective_Dee_2023/Legend_of_Detective_Dee_2023_th_1080.mp4/playlist.m3u8",
            "referer": "https://fw4free.com/"
        },
        {
            "name": "Legend of Detective Dee ตี๋เหรินเจี๋ย คลองมังกรผวา (2023)",
            "info": "บรรยายไทย",
            "image": "https://img.fw4free.com/postor/20250531084542rNRxBm_4f.jpg",
            "subtitle": "https://pastebin.com/raw/XjDpyhzb",
            "url": "https://m1free.inwstream.com:1936/movie4/Legend_of_Detective_Dee_2023/Legend_of_Detective_Dee_2023_st_1080.mp4/playlist.m3u8",
            "referer": "https://fw4free.com/"
        },
        {
            "name": "Liao Zhai Fox Spirit: Spoony Woman โปเยโปโลเย ภาคจิ้งจอกสาว (2023)",
            "info": "พากย์ไทย",
            "image": "https://img.fw4free.com/postor/2025053108393460re8P_4f.jpg",
            "subtitle": "https://pastebin.com/raw/XjDpyhzb",
            "url": "https://m1free.inwstream.com:1936/movie4/Liao_Zhai_Fox_Spirit_Spoony_Woman_2023/Liao_Zhai_Fox_Spirit_Spoony_Woman_2023_th_1080.mp4/playlist.m3u8",
            "referer": "https://fw4free.com/"
        },
        {
            "name": "Liao Zhai Fox Spirit: Spoony Woman โปเยโปโลเย ภาคจิ้งจอกสาว (2023)",
            "info": "บรรยายไทย",
            "image": "https://img.fw4free.com/postor/2025053108393460re8P_4f.jpg",
            "subtitle": "https://pastebin.com/raw/XjDpyhzb",
            "url": "https://m1free.inwstream.com:1936/movie4/Liao_Zhai_Fox_Spirit_Spoony_Woman_2023/Liao_Zhai_Fox_Spirit_Spoony_Woman_2023_st_1080.mp4/playlist.m3u8",
            "referer": "https://fw4free.com/"
        },
        {
            "name": "Because I Love You (2017)",
            "info": "บรรยายไทย",
            "image": "https://img.fw4free.com/postor/20250530062726aK9UlvDQohZMc1qh83uBmoWtMDp.jpg",
            "subtitle": "https://pastebin.com/raw/XjDpyhzb",
            "url": "https://m1free.inwstream.com:1936/movie4/Because_I_Love_You_2017/Because_I_Love_You_2017_st_1080_SAI.mp4/playlist.m3u8",
            "referer": "https://fw4free.com/"
        },
        {
            "name": "Invincible Swordsman (2025)",
            "info": "บรรยายไทย",
            "image": "https://img.fw4free.com/postor/20250530062025gEfci8lvjJKAj9MDl840D426W32.jpg",
            "subtitle": "https://pastebin.com/raw/XjDpyhzb",
            "url": "https://m1free.inwstream.com:1936/movie4/Invincible_Swordsman_2025/Invincible_Swordsman_2025_st_1080_SAI.mp4/playlist.m3u8",
            "referer": "https://fw4free.com/"
        },
        {
            "name": "Hear Me: Our Summer (2024)",
            "info": "บรรยายไทย",
            "image": "https://img.fw4free.com/postor/20250530061448dNCp17yK9L0pANvKTb6tWECQj4Q.jpg",
            "subtitle": "https://pastebin.com/raw/XjDpyhzb",
            "url": "https://m1free.inwstream.com:1936/movie4/Hear_Me_Our_Summer_2024/Hear_Me_Our_Summer_2024_st_1080.mp4/playlist.m3u8",
            "referer": "https://fw4free.com/"
        },
        {
            "name": "Peace Hotel ฅน พ.ศ.ไหน (1995)",
            "info": "พากย์ไทย",
            "image": "https://img.fw4free.com/postor/20250530055927yAo95rbWXpALy6coB8bfU92s2rU.jpg",
            "subtitle": "https://pastebin.com/raw/XjDpyhzb",
            "url": "https://m1free.inwstream.com:1936/movie4/Peace_Hotel_1995/Peace_Hotel_1995_th_1080.mp4/playlist.m3u8",
            "referer": "https://fw4free.com/"
        },
        {
            "name": "The Mask of Shura of Fire Cloud เพลิงเมฆาหมัดเทวดา (2020)",
            "info": "พากย์ไทย",
            "image": "https://img.fw4free.com/postor/202505300552101000000009486_2100x2700.jpg",
            "subtitle": "https://pastebin.com/raw/XjDpyhzb",
            "url": "https://m1free.inwstream.com:1936/movie4/The_Mask_of_Shura_of_Fire_Cloud_2020/The_Mask_of_Shura_of_Fire_Cloud_2020_th_1080.mp4/playlist.m3u8",
            "referer": "https://fw4free.com/"
        },
        {
            "name": "The Mask of Shura of Fire Cloud เพลิงเมฆาหมัดเทวดา (2020)",
            "info": "บรรยายไทย",
            "image": "https://img.fw4free.com/postor/202505300552101000000009486_2100x2700.jpg",
            "subtitle": "https://pastebin.com/raw/XjDpyhzb",
            "url": "https://m1free.inwstream.com:1936/movie4/The_Mask_of_Shura_of_Fire_Cloud_2020/The_Mask_of_Shura_of_Fire_Cloud_2020_st_1080.mp4/playlist.m3u8",
            "referer": "https://fw4free.com/"
        },
        {
            "name": "Everything About My Wife แผนลวงรัก (2025)",
            "info": "บรรยายไทย",
            "image": "https://img.fw4free.com/postor/20250529094645yNGe9Fxcg7ijnKBIhAK5Lq7afCJ.jpg",
            "subtitle": "https://pastebin.com/raw/XjDpyhzb",
            "url": "https://m1free.inwstream.com:1936/movie4/Everything_About_My_Wife_2025/Everything_About_My_Wife_2025_ST_1080p.mp4/playlist.m3u8",
            "referer": "https://fw4free.com/"
        },
        {
            "name": "Good Bad Ugly ดี ชั่ว ก็ลุยดะ (2025)",
            "info": "บรรยายไทย",
            "image": "https://img.fw4free.com/postor/20250528123350h8MRCA7lUIiUgswtaJOxlXONZuT.jpg",
            "subtitle": "https://pastebin.com/raw/XjDpyhzb",
            "url": "https://m1free.inwstream.com:1936/movie4/Good_Bad_Ugly_2025/Good_Bad_Ugly_2025_ST_1080p.mp4/playlist.m3u8",
            "referer": "https://fw4free.com/"
        },
        {
            "name": "Chasing the Dragon (Chui lung)",
            "info": "บรรยายไทย",
            "image": "https://img.fw4free.com/postor/20250527143930Lc0XGNZmsFe3uA1UMqhlBiJSY4.jpg",
            "subtitle": "https://pastebin.com/raw/XjDpyhzb",
            "url": "https://m1free.inwstream.com:1936/movie4/Chasing_the_Dragon_2017/Chasing_the_Dragon_2017_ST_1080p_T.mp4/playlist.m3u8",
            "referer": "https://fw4free.com/"
        },
        {
            "name": "Six Lying University Students (Rokunin no Usotsuki na Daigakusei)",
            "info": "พากย์ไทย",
            "image": "https://img.fw4free.com/postor/20250526160824uVK449zy5RhrMnieCOnkijH5HCC.jpg",
            "subtitle": "https://pastebin.com/raw/XjDpyhzb",
            "url": "https://m1free.inwstream.com:1936/movie4/Six_Lying_University_Students_2024/Six_Lying_University_Students_2024_TH_1080p.mp4/playlist.m3u8",
            "referer": "https://fw4free.com/"
        },
        {
            "name": "Six Lying University Students (Rokunin no Usotsuki na Daigakusei)",
            "info": "บรรยายไทย",
            "image": "https://img.fw4free.com/postor/20250526160824uVK449zy5RhrMnieCOnkijH5HCC.jpg",
            "subtitle": "https://pastebin.com/raw/XjDpyhzb",
            "url": "https://m1free.inwstream.com:1936/movie4/Six_Lying_University_Students_2024/Six_Lying_University_Students_2024_ST_1080p.mp4/playlist.m3u8",
            "referer": "https://fw4free.com/"
        },
        {
            "name": "Sikandar (2025)",
            "info": "บรรยายไทย",
            "image": "https://img.fw4free.com/postor/20250525105553wpgQtYsj6SJ36BjlMf7MK1ouuUx.jpg",
            "subtitle": "https://pastebin.com/raw/XjDpyhzb",
            "url": "https://m1free.inwstream.com:1936/movie4/Sikandar_2025/Sikandar_2025_ST_1080p.mp4/playlist.m3u8",
            "referer": "https://fw4free.com/"
        },
        {
            "name": "I Want to Be Boss (AI ping cai hui ying)",
            "info": "บรรยายไทย",
            "image": "https://img.fw4free.com/postor/20250525075339com2_20250126045433PM (1)(1).jpg",
            "subtitle": "https://pastebin.com/raw/XjDpyhzb",
            "url": "https://m1free.inwstream.com:1936/movie4/I_Want_to_Be_Boss_2025/I_Want_to_Be_Boss_2025_ST_1080p.mp4/playlist.m3u8",
            "referer": "https://fw4free.com/"
        },
        {
            "name": "Hidayah (2023)",
            "info": "บรรยายไทย",
            "image": "https://img.fw4free.com/postor/20250522212024gukSJNCDL2Xx8XB9PE5bL5qBOBQ.jpg",
            "subtitle": "https://pastebin.com/raw/XjDpyhzb",
            "url": "https://m1free.inwstream.com:1936/movie4/Hidayah_2023/Hidayah_2023_st_1080_SAI.mp4/playlist.m3u8",
            "referer": "https://fw4free.com/"
        },
        {
            "name": "Scarecrow (Espantaho)",
            "info": "บรรยายไทย",
            "image": "https://img.fw4free.com/postor/20250522091340itRDwuQxbtmgaxyrHI4rGiIrxxX.jpg",
            "subtitle": "https://pastebin.com/raw/XjDpyhzb",
            "url": "https://m1free.inwstream.com:1936/movie4/Scarecrow_2024/Scarecrow_2024_ST_1080p.mp4/playlist.m3u8",
            "referer": "https://fw4free.com/"
        },
        {
            "name": "Midnight Inn โรงเตี๊ยมราตรี (2024)",
            "info": "พากย์ไทย",
            "image": "https://img.fw4free.com/postor/20250521180801r7zUqqVOebl3vgEK0YdBsW2n9sP.jpg",
            "subtitle": "https://pastebin.com/raw/XjDpyhzb",
            "url": "https://m1free.inwstream.com:1936/movie4/Midnight_Inn_2024/Midnight_Inn_2024_th_1080.mp4/playlist.m3u8",
            "referer": "https://fw4free.com/"
        },
        {
            "name": "Midnight Inn โรงเตี๊ยมราตรี (2024)",
            "info": "บรรยายไทย",
            "image": "https://img.fw4free.com/postor/20250521180801r7zUqqVOebl3vgEK0YdBsW2n9sP.jpg",
            "subtitle": "https://pastebin.com/raw/XjDpyhzb",
            "url": "https://m1free.inwstream.com:1936/movie4/Midnight_Inn_2024/Midnight_Inn_2024_st_1080.mp4/playlist.m3u8",
            "referer": "https://fw4free.com/"
        },
        {
            "name": "Time of Happiness แด่ห้วงเวลาแห่งความสุข (2017)",
            "info": "พากย์ไทย",
            "image": "https://img.fw4free.com/postor/20250521180458104278_xaSA9PVgEmzdk13eGW56.jpg",
            "subtitle": "https://pastebin.com/raw/XjDpyhzb",
            "url": "https://m1free.inwstream.com:1936/movie4/Time_of_Happiness_2017/Time_of_Happiness_2017_th_1080.mp4/playlist.m3u8",
            "referer": "https://fw4free.com/"
        },
        {
            "name": "Time of Happiness แด่ห้วงเวลาแห่งความสุข (2017)",
            "info": "บรรยายไทย",
            "image": "https://img.fw4free.com/postor/20250521180458104278_xaSA9PVgEmzdk13eGW56.jpg",
            "subtitle": "https://pastebin.com/raw/XjDpyhzb",
            "url": "https://m1free.inwstream.com:1936/movie4/Time_of_Happiness_2017/Time_of_Happiness_2017_st_1080.mp4/playlist.m3u8",
            "referer": "https://fw4free.com/"
        },
        {
            "name": "Marco (2024)",
            "info": "บรรยายไทย",
            "image": "https://img.fw4free.com/postor/20250521175324il3ao5gcF6fZNqo1o9o7lusmEyU.jpg",
            "subtitle": "https://pastebin.com/raw/XjDpyhzb",
            "url": "https://m1free.inwstream.com:1936/movie4/Marco_2024/Marco_2024_st_1080_SAI.mp4/playlist.m3u8",
            "referer": "https://fw4free.com/"
        },
        {
            "name": "Bougainvillea (2024)",
            "info": "บรรยายไทย",
            "image": "https://img.fw4free.com/postor/202505211729579TgMCVaFbhSCJzBaaz6elM5cBUQ.jpg",
            "subtitle": "https://pastebin.com/raw/XjDpyhzb",
            "url": "https://m1free.inwstream.com:1936/movie4/Bougainvillea_2024/Bougainvillea_2024_st_1080_SAI.mp4/playlist.m3u8",
            "referer": "https://fw4free.com/"
        },
        {
            "name": "Invitation Only (2009)",
            "info": "บรรยายไทย",
            "image": "https://img.fw4free.com/postor/20250521171944enRMsESq4JbhVblS6oaWyJqGSOQ.jpg",
            "subtitle": "https://pastebin.com/raw/XjDpyhzb",
            "url": "https://m1free.inwstream.com:1936/movie4/Invitation_Only_2009/Invitation_Only_2009_st_1080_T.mp4/playlist.m3u8",
            "referer": "https://fw4free.com/"
        },
        {
            "name": "Bhool Bhulaiyaa 3 คฤหาสน์วิปลาส 3 (2024)",
            "info": "บรรยายไทย",
            "image": "https://img.fw4free.com/postor/202505211704423AfHD1HoaQpQwKH8kxRdBKVmzeU.jpg",
            "subtitle": "https://pastebin.com/raw/XjDpyhzb",
            "url": "https://m1free.inwstream.com:1936/movie4/Bhool_Bhulaiyaa_3_2024/Bhool_Bhulaiyaa_3_2024_st_1080_SAI.mp4/playlist.m3u8",
            "referer": "https://fw4free.com/"
        },
        {
            "name": "Bhool Bhulaiyaa 2 คฤหาสน์วิปลาส 2 (2022)",
            "info": "บรรยายไทย",
            "image": "https://img.fw4free.com/postor/20250521165914fw0oMHiMt9qOuKEJEmzFiCNAnXc.jpg",
            "subtitle": "https://pastebin.com/raw/XjDpyhzb",
            "url": "https://m1free.inwstream.com:1936/movie4/Bhool_Bhulaiyaa_2_2022/Bhool_Bhulaiyaa_2_2022_st_1080.mp4/playlist.m3u8",
            "referer": "https://fw4free.com/"
        },
        {
            "name": "Bhool Bhulaiyaa คฤหาสน์วิปลาส (2007)",
            "info": "บรรยายไทย",
            "image": "https://img.fw4free.com/postor/20250521164936soRW3p4GlPphHiFkwbqYGrodQ5S.jpg",
            "subtitle": "https://pastebin.com/raw/XjDpyhzb",
            "url": "https://m1free.inwstream.com:1936/movie4/Bhool_Bhulaiyaa_2007/Bhool_Bhulaiyaa_2007_st_1080_SAI.mp4/playlist.m3u8",
            "referer": "https://fw4free.com/"
        },
        {
            "name": "Ulajh กับดักทมิฬ (2024)",
            "info": "บรรยายไทย",
            "image": "https://img.fw4free.com/postor/20240929100233tRTaE89m8As6G6aqgYjCBmm6MKN.jpg",
            "subtitle": "https://pastebin.com/raw/XjDpyhzb",
            "url": "https://m1free.inwstream.com:1936/movie4/Ulajh_2024/Ulajh_2024_ST_1080p.mp4/playlist.m3u8",
            "referer": "https://fw4free.com/"
        },
        {
            "name": "Black Dog สี่ขาหัวใจไม่ดำ (2024)",
            "info": "พากย์ไทย",
            "image": "https://img.fw4free.com/postor/202505210217366xRplXuQQ2HxcCLtzF6y8Tmgb5T.jpg",
            "subtitle": "https://pastebin.com/raw/XjDpyhzb",
            "url": "https://m1free.inwstream.com:1936/movie4/Black_Dog_2024/Black_Dog_2024_th_1080.mp4/playlist.m3u8",
            "referer": "https://fw4free.com/"
        },
        {
            "name": "Black Dog สี่ขาหัวใจไม่ดำ (2024)",
            "info": "บรรยายไทย",
            "image": "https://img.fw4free.com/postor/202505210217366xRplXuQQ2HxcCLtzF6y8Tmgb5T.jpg",
            "subtitle": "https://pastebin.com/raw/XjDpyhzb",
            "url": "https://m1free.inwstream.com:1936/movie4/Black_Dog_2024/Black_Dog_2024_st_1080.mp4/playlist.m3u8",
            "referer": "https://fw4free.com/"
        },
        {
            "name": "Ex Ex Lovers อดีตแฟนเก่า (2025)",
            "info": "บรรยายไทย",
            "image": "https://img.fw4free.com/postor/20250520075925chfovjYJvhjk6YsMUbmsbAyy8yH.jpg",
            "subtitle": "https://pastebin.com/raw/XjDpyhzb",
            "url": "https://m1free.inwstream.com:1936/movie4/Ex_Ex_Lovers_2025/Ex_Ex_Lovers_2025_ST_1080p.mp4/playlist.m3u8",
            "referer": "https://fw4free.com/"
        },
        {
            "name": "Thangalaan แผ่นดินทอง (2024)",
            "info": "บรรยายไทย",
            "image": "https://img.fw4free.com/postor/202505190924169P3wBCFAfsLItecU4YzKNOkgkr1.jpg",
            "subtitle": "https://pastebin.com/raw/XjDpyhzb",
            "url": "https://m1free.inwstream.com:1936/movie4/Thangalaan_2024/Thangalaan_2024_ST_1080p.mp4/playlist.m3u8",
            "referer": "https://fw4free.com/"
        },
        {
            "name": "Detective Di Renjie: The Deadly Monk ตี๋เหรินเจี๋ยกับนักบวชมรณะ (2024)",
            "info": "พากย์ไทย",
            "image": "https://img.fw4free.com/postor/202505182103159Evx0S1lCrY4jw3owvkl3Ll7DQB.jpg",
            "subtitle": "https://pastebin.com/raw/XjDpyhzb",
            "url": "https://m1free.inwstream.com:1936/movie4/Detective_Di_Renjie_The_Deadly_Monk_2024/Detective_Di_Renjie_The_Deadly_Monk_2024_th_1080.mp4/playlist.m3u8",
            "referer": "https://fw4free.com/"
        },
        {
            "name": "Detective Di Renjie: The Deadly Monk ตี๋เหรินเจี๋ยกับนักบวชมรณะ (2024)",
            "info": "บรรยายไทย",
            "image": "https://img.fw4free.com/postor/202505182103159Evx0S1lCrY4jw3owvkl3Ll7DQB.jpg",
            "subtitle": "https://pastebin.com/raw/XjDpyhzb",
            "url": "https://m1free.inwstream.com:1936/movie4/Detective_Di_Renjie_The_Deadly_Monk_2024/Detective_Di_Renjie_The_Deadly_Monk_2024_st_1080.mp4/playlist.m3u8",
            "referer": "https://fw4free.com/"
        },
        {
            "name": "Super Daddy สุดยอดมนุษย์พ่อ (2023)",
            "info": "พากย์ไทย",
            "image": "https://img.fw4free.com/postor/202505182052453TbLvQwBKi1t09VvOKXZ6LuNXoZ.jpg",
            "subtitle": "https://pastebin.com/raw/XjDpyhzb",
            "url": "https://m1free.inwstream.com:1936/movie4/Super_Daddy_2023/Super_Daddy_2023_th_1080.mp4/playlist.m3u8",
            "referer": "https://fw4free.com/"
        },
        {
            "name": "Super Daddy สุดยอดมนุษย์พ่อ (2023)",
            "info": "บรรยายไทย",
            "image": "https://img.fw4free.com/postor/202505182052453TbLvQwBKi1t09VvOKXZ6LuNXoZ.jpg",
            "subtitle": "https://pastebin.com/raw/XjDpyhzb",
            "url": "https://m1free.inwstream.com:1936/movie4/Super_Daddy_2023/Super_Daddy_2023_st_1080.mp4/playlist.m3u8",
            "referer": "https://fw4free.com/"
        },
        {
            "name": "Dog Bite Dog (Gau ngao gau)",
            "info": "พากย์ไทย",
            "image": "https://img.fw4free.com/postor/20250518140801l31eGOy1P4bWdbTVym3a232IoVS.jpg",
            "subtitle": "https://pastebin.com/raw/XjDpyhzb",
            "url": "https://m1free.inwstream.com:1936/movie4/Dog_Bite_Dog_2006/Dog_Bite_Dog_2006_TH_1080p.mp4/playlist.m3u8",
            "referer": "https://fw4free.com/"
        },
        {
            "name": "Dog Bite Dog (Gau ngao gau)",
            "info": "บรรยายไทย",
            "image": "https://img.fw4free.com/postor/20250518140801l31eGOy1P4bWdbTVym3a232IoVS.jpg",
            "subtitle": "https://pastebin.com/raw/XjDpyhzb",
            "url": "https://m1free.inwstream.com:1936/movie4/Dog_Bite_Dog_2006/Dog_Bite_Dog_2006_ST_1080p.mp4/playlist.m3u8",
            "referer": "https://fw4free.com/"
        },
        {
            "name": "My Future You เธอ ฉัน และอนาคตเรา (2024)",
            "info": "บรรยายไทย",
            "image": "https://img.fw4free.com/postor/20250515145431qXzKWdQchfcAWqZahH3BM6DvT6t.jpg",
            "subtitle": "https://pastebin.com/raw/XjDpyhzb",
            "url": "https://m1free.inwstream.com:1936/movie4/My_Future_You_2024/My_Future_You_2024_ST_1080p.mp4/playlist.m3u8",
            "referer": "https://fw4free.com/"
        },
        {
            "name": "The Lucky Guy (Hang wan yat tiu lung)",
            "info": "พากย์ไทย",
            "image": "https://img.fw4free.com/postor/20250514102108e4KkehV6oTZWgClsHeeTwTEl0V7.jpg",
            "subtitle": "https://pastebin.com/raw/XjDpyhzb",
            "url": "https://m1free.inwstream.com:1936/movie4/The_Lucky_Guy_1998/The_Lucky_Guy_1998_TH_1080p.mp4/playlist.m3u8",
            "referer": "https://fw4free.com/"
        },
        {
            "name": "The Lucky Guy (Hang wan yat tiu lung)",
            "info": "บรรยายไทย",
            "image": "https://img.fw4free.com/postor/20250514102108e4KkehV6oTZWgClsHeeTwTEl0V7.jpg",
            "subtitle": "https://pastebin.com/raw/XjDpyhzb",
            "url": "https://m1free.inwstream.com:1936/movie4/The_Lucky_Guy_1998/The_Lucky_Guy_1998_ST_1080p_T.mp4/playlist.m3u8",
            "referer": "https://fw4free.com/"
        },
        {
            "name": "Hidden Face เล่ห์​ ร้อน​ ซ่อน​ ชู้ (2024)",
            "info": "บรรยายไทย",
            "image": "https://img.fw4free.com/postor/20250513204851uuvMqwHvvEFPVk4j3gRE65hA19P.jpg",
            "subtitle": "https://pastebin.com/raw/XjDpyhzb",
            "url": "https://m1free.inwstream.com:1936/movie4/Hidden_Face_2024/Hidden_Face_2024_st_1080_SAI.mp4/playlist.m3u8",
            "referer": "https://fw4free.com/"
        },
        {
            "name": "SEVENTEEN in CARAT LAND (2024)",
            "info": "บรรยายไทย",
            "image": "https://img.fw4free.com/postor/20250513171957acsNXXwZ1MUXAaGJKucNM8WU1fX.jpg",
            "subtitle": "https://pastebin.com/raw/XjDpyhzb",
            "url": "https://m1free.inwstream.com:1936/movie4/SEVENTEEN_in_CARAT_LAND_2024/SEVENTEEN_in_CARAT_LAND_2024_st_1080.mp4/playlist.m3u8",
            "referer": "https://fw4free.com/"
        },
        {
            "name": "Saripodhaa Sanivaaram เสาร์คลั่ง (2024)",
            "info": "บรรยายไทย",
            "image": "https://img.fw4free.com/postor/20250513100917vAOihG36n9Tbic2KngNOuSBahv5.jpg",
            "subtitle": "https://pastebin.com/raw/XjDpyhzb",
            "url": "https://m1free.inwstream.com:1936/movie4/Saripodhaa_Sanivaaram_2024/Saripodhaa_Sanivaaram_2024_ST_1080p.mp4/playlist.m3u8",
            "referer": "https://fw4free.com/"
        },
        {
            "name": "C4 Cinta ชื่นรัก ชื่นหัวใจ (2024)",
            "info": "บรรยายไทย",
            "image": "https://img.fw4free.com/postor/20250513083615MV5BNjI5MGFhMTEtYWZlZi00OWU3LTgzZDgtMTM5MzAyYWMzMWIwXkEyXkFqcGc@(1)(1).jpg",
            "subtitle": "https://pastebin.com/raw/XjDpyhzb",
            "url": "https://m1free.inwstream.com:1936/movie4/C4_Cinta_2024/C4_Cinta_2024_ST_1080p.mp4/playlist.m3u8",
            "referer": "https://fw4free.com/"
        },
        {
            "name": "The Greatest of All Time ผู้ยิ่งใหญ่ตลอดกาล (2024)",
            "info": "บรรยายไทย",
            "image": "https://img.fw4free.com/postor/20250513082855tvOWGExv6Ms79M1sz27scvEqeNf.jpg",
            "subtitle": "https://pastebin.com/raw/XjDpyhzb",
            "url": "https://m1free.inwstream.com:1936/movie4/The_Greatest_of_All_Time_2024/The_Greatest_of_All_Time_2024_ST_1080p.mp4/playlist.m3u8",
            "referer": "https://fw4free.com/"
        }
]