[
    {
        "name": "Crayon Shin-chan: A Storm-invoking Splendor! The Battle of the Warring States ชินจัง เดอะมูฟวี่ 10 ตอน เจาะเวลาลักพาองค์หญิงน้อย (2002)",
        "info": "พากย์ไทย",
        "image": "https://img.fw4free.com/postor/20250625045933jR0rLDNv4kGPhdZD1uj6nz1nMSZ.jpg",
        "subtitle": "https://pastebin.com/raw/XjDpyhzb",
        "url": "https://m1free.inwstream.com:1936/movie4/Crayon_Shin_chan_A_Storm_invoking_Splendor_The_Battle_of_the_Warring_States_2002/Crayon_Shin_chan_A_Storm_invoking_Splendor_The_Battle_of_the_Warring_States_2002_th_1080.mp4/playlist.m3u8",
        "referer": "https://fw4free.com/"
    },
    {
        "name": "Crayon Shin-chan: The Adult Empire Strikes Back ชินจัง เดอะมูฟวี่ 9 ตอน บุกถล่มอาณาจักรพวกผู้ใหญ่ (2001)",
        "info": "บรรยายไทย",
        "image": "https://img.fw4free.com/postor/20250625045035heJkgOCx4pHqdooYA1h7B65ghvf.jpg",
        "subtitle": "https://pastebin.com/raw/XjDpyhzb",
        "url": "https://m1free.inwstream.com:1936/movie4/Crayon_Shin_chan_The_Adult_Empire_Strikes_Back_2001/Crayon_Shin_chan_The_Adult_Empire_Strikes_Back_2001_st_1080.mp4/playlist.m3u8",
        "referer": "https://fw4free.com/"
    },
    {
        "name": "Crayon Shin-chan: A Storm-invoking Jungle ชินจัง เดอะมูฟวี่ 8 ตอน ดิ้นรนบนเกาะร้าง (2000)",
        "info": "บรรยายไทย",
        "image": "https://img.fw4free.com/postor/20250625044647aLT9ueIAkrqd589uwNnPPrcvUjO.jpg",
        "subtitle": "https://pastebin.com/raw/XjDpyhzb",
        "url": "https://m1free.inwstream.com:1936/movie4/Crayon_Shin_chan_A_Storm_invoking_Jungle_2000/Crayon_Shin_chan_A_Storm_invoking_Jungle_2000_st_1080.mp4/playlist.m3u8",
        "referer": "https://fw4free.com/"
    },
    {
        "name": "Crayon Shin-chan: Explosion! The Hot Spring's Feel Good Final Battle ชินจัง เดอะมูฟวี่ 7 ตอน ระเบิดระเบ้อ! พิชิตบ่อน้ำร้อนแห่งไซตามะ (1999)",
        "info": "บรรยายไทย",
        "image": "https://img.fw4free.com/postor/20250625043805mgQAzn8W8VPDtjSN2dW5V0gA9vq.jpg",
        "subtitle": "https://pastebin.com/raw/XjDpyhzb",
        "url": "https://m1free.inwstream.com:1936/movie4/Crayon_Shin_chan_Explosion_The_Hot_Spring_s_Feel_Good_Final_Battle_1999/Crayon_Shin_chan_Explosion_The_Hot_Spring_s_Feel_Good_Final_Battle_1999_st_1080.mp4/playlist.m3u8",
        "referer": "https://fw4free.com/"
    },
    {
        "name": "Crayon Shin-chan: Dengeki! Buta no Hizume Daisakusen ชินจัง เดอะมูฟวี่ 6 ตอน ภารกิจลับสายฟ้าแล่บ! (1998)",
        "info": "บรรยายไทย",
        "image": "https://img.fw4free.com/postor/20250625043148fTNvnyv5BpB4VzwmiRa7RXNjaAN.jpg",
        "subtitle": "https://pastebin.com/raw/XjDpyhzb",
        "url": "https://m1free.inwstream.com:1936/movie4/Crayon_Shin_chan_Dengeki_Buta_no_Hizume_Daisakusen_1998/Crayon_Shin_chan_Dengeki_Buta_no_Hizume_Daisakusen_1998_st_1080.mp4/playlist.m3u8",
        "referer": "https://fw4free.com/"
    },
    {
        "name": "Crayon Shin-chan: Pursuit of the Balls of Darkness ชินจัง เดอะมูฟวี่ 5 ตอน โล้นซ่าสาวแสบ กับลูกแก้วแห่งความมืด (1997)",
        "info": "บรรยายไทย",
        "image": "https://img.fw4free.com/postor/202506230359268NlnDeZtscTjOEFTzDRZzI2vIXJ.jpg",
        "subtitle": "https://pastebin.com/raw/XjDpyhzb",
        "url": "https://m1free.inwstream.com:1936/movie4/Crayon_Shin_chan_Pursuit_of_the_Balls_of_Darkness_1997/Crayon_Shin_chan_Pursuit_of_the_Balls_of_Darkness_1997_st_1080.mp4/playlist.m3u8",
        "referer": "https://fw4free.com/"
    },
    {
        "name": "Crayon Shin-chan: Great Adventure In Henderland ชินจัง เดอะมูฟวี่ 4 ตอน การผจญภัยในแฮนเดอร์แลนด์ (1996)",
        "info": "บรรยายไทย",
        "image": "https://img.fw4free.com/postor/20250623035549oh0JsGWdGnzWD1gDtGf7U2nk1r.jpg",
        "subtitle": "https://pastebin.com/raw/XjDpyhzb",
        "url": "https://m1free.inwstream.com:1936/movie4/Crayon_Shin_chan_Great_Adventure_In_Henderland_1996/Crayon_Shin_chan_Great_Adventure_In_Henderland_1996_st_1080.mp4/playlist.m3u8",
        "referer": "https://fw4free.com/"
    },
    {
        "name": "Crayon Shin-chan: Unkokusai's Ambition ชินจัง เดอะมูฟวี่ 3 ตอน ความฝักใฝ่ของอูนโคคุซาอิ (1995)",
        "info": "บรรยายไทย",
        "image": "https://img.fw4free.com/postor/202506230338516omYW1h6OePceACnKkE3rmIHiP7.jpg",
        "subtitle": "https://pastebin.com/raw/XjDpyhzb",
        "url": "https://m1free.inwstream.com:1936/movie4/Crayon_Shin_chan_Unkokusai_s_Ambition_1995/Crayon_Shin_chan_Unkokusai_s_Ambition_1995_st_1080.mp4/playlist.m3u8",
        "referer": "https://fw4free.com/"
    },
    {
        "name": "Crayon Shin-chan: The Hidden Treasure of the Buri Buri Kingdom ชินจัง เดอะมูฟวี่ 2 ตอน สมบัติลับแห่งอาณาจักรบูริบูริ (1994)",
        "info": "บรรยายไทย",
        "image": "https://img.fw4free.com/postor/202506230325242GujdIdfNWyEL4z9Hu15dl5O5TK.jpg",
        "subtitle": "https://pastebin.com/raw/XjDpyhzb",
        "url": "https://m1free.inwstream.com:1936/movie4/Crayon_Shin_chan_The_Hidden_Treasure_of_the_Buri_Buri_Kingdom_1994/Crayon_Shin_chan_The_Hidden_Treasure_of_the_Buri_Buri_Kingdom_1994_st_1080.mp4/playlist.m3u8",
        "referer": "https://fw4free.com/"
    },
    {
        "name": "Crayon Shin-chan: Action Mask vs. Leotard Devil ชินจัง เดอะมูฟวี่ 1 ตอน หน้ากากแอ็คชัน ปะทะ ชุดรัดรูปปีศาจ (1993)",
        "info": "บรรยายไทย",
        "image": "https://img.fw4free.com/postor/20250623032128dxxnPOZnp4uOh4uFrjtpLw4Ssnf.jpg",
        "subtitle": "https://pastebin.com/raw/XjDpyhzb",
        "url": "https://m1free.inwstream.com:1936/movie4/Crayon_Shin_chan_Action_Mask_vs_Leotard_Devil_1993/Crayon_Shin_chan_Action_Mask_vs_Leotard_Devil_1993_st_1080.mp4/playlist.m3u8",
        "referer": "https://fw4free.com/"
    },
    {
        "name": "KPop Demon Hunters เกิร์ลกรุ๊ปนักล่าปีศาจ (2025)",
        "info": "พากย์ไทย",
        "image": "https://img.fw4free.com/postor/20250620145850jfS5KEfiwsS35ieZvdUdJKkwLlZ.jpg",
        "subtitle": "https://pastebin.com/raw/XjDpyhzb",
        "url": "https://m1free.inwstream.com:1936/movie4/KPop_Demon_Hunters_2025/KPop_Demon_Hunters_2025_TH_1080p.mp4/playlist.m3u8",
        "referer": "https://fw4free.com/"
    },
    {
        "name": "KPop Demon Hunters เกิร์ลกรุ๊ปนักล่าปีศาจ (2025)",
        "info": "บรรยายไทย",
        "image": "https://img.fw4free.com/postor/20250620145850jfS5KEfiwsS35ieZvdUdJKkwLlZ.jpg",
        "subtitle": "https://pastebin.com/raw/XjDpyhzb",
        "url": "https://m1free.inwstream.com:1936/movie4/KPop_Demon_Hunters_2025/KPop_Demon_Hunters_2025_EN_1080p.mp4/playlist.m3u8",
        "referer": "https://fw4free.com/"
    },
    {
        "name": "Masameer: The Movie มาซาเมียร์ เดอะ มูฟวี่ (2020)",
        "info": "บรรยายไทย",
        "image": "https://img.fw4free.com/postor/20250617082245uKNvAIGwYzk8sSx8MILQkbRkzur.jpg",
        "subtitle": "https://pastebin.com/raw/XjDpyhzb",
        "url": "https://m1free.inwstream.com:1936/movie4/Masameer_The_Movie_2020/Masameer_The_Movie_2020_ST_1080p.mp4/playlist.m3u8",
        "referer": "https://fw4free.com/"
    },
    {
        "name": "The Island of Giant Insects (Kyochuu Rettou)",
        "info": "บรรยายไทย",
        "image": "https://img.fw4free.com/postor/20250613111537uJFki1BLHvEi4gaPCJvy9SZQZpx.jpg",
        "subtitle": "https://pastebin.com/raw/XjDpyhzb",
        "url": "https://m1free.inwstream.com:1936/movie4/The_Island_of_Giant_Insects_2020/The_Island_of_Giant_Insects_2020_ST_1080p_T.mp4/playlist.m3u8",
        "referer": "https://fw4free.com/"
    },
    {
        "name": "Masameer Junior มาซาเมียร์ จูเนียร์ (2025)",
        "info": "บรรยายไทย",
        "image": "https://img.fw4free.com/postor/202506131107534GGUlUtGA2rk3TvSulfVCpW9OzS.jpg",
        "subtitle": "https://pastebin.com/raw/XjDpyhzb",
        "url": "https://m1free.inwstream.com:1936/movie4/Masameer_Junior_2025/Masameer_Junior_2025_ST_1080p.mp4/playlist.m3u8",
        "referer": "https://fw4free.com/"
    },
    {
        "name": "Masameer Junior มาซาเมียร์ จูเนียร์ (2025)",
        "info": "พากย์อังกฤษ : บรรยายไทย",
        "image": "https://img.fw4free.com/postor/202506131107534GGUlUtGA2rk3TvSulfVCpW9OzS.jpg",
        "subtitle": "https://pastebin.com/raw/XjDpyhzb",
        "url": "https://m1free.inwstream.com:1936/movie4/Masameer_Junior_2025/Masameer_Junior_2025_EN_1080p.mp4/playlist.m3u8",
        "referer": "https://fw4free.com/"
    },
    {
        "name": "Kung Fu Panda: Secrets of the Masters (2011)",
        "info": "บรรยายไทย",
        "image": "https://img.fw4free.com/postor/20250612173820xON7QZ6yHYt1S1Aji0wfGQ1a7ml.jpg",
        "subtitle": "https://pastebin.com/raw/XjDpyhzb",
        "url": "https://m1free.inwstream.com:1936/movie4/Kung_Fu_Panda_Secrets_of_the_Masters_2011/Kung_Fu_Panda_Secrets_of_the_Masters_2011_st_720.mp4/playlist.m3u8",
        "referer": "https://fw4free.com/"
    },
    {
        "name": "Kung Fu Panda Holiday (2010)",
        "info": "บรรยายไทย",
        "image": "https://img.fw4free.com/postor/20250612173337vJv3pI8pyS13rLjy0ok7a3BiE0a.jpg",
        "subtitle": "https://pastebin.com/raw/XjDpyhzb",
        "url": "https://m1free.inwstream.com:1936/movie4/Kung_Fu_Panda_Holiday_2010/Kung_Fu_Panda_Holiday_2010_st_720.mp4/playlist.m3u8",
        "referer": "https://fw4free.com/"
    },
    {
        "name": "Kung Fu Panda: Secrets of the Furious Five กังฟูแพนด้า : ผ่าตำนานห้าผู้พิทักษ์ ป่วนยุทธ (2008)",
        "info": "พากย์ไทย",
        "image": "https://img.fw4free.com/postor/202506121729513HENPRM1tGRswyjgiIbP9b4sult.jpg",
        "subtitle": "https://pastebin.com/raw/XjDpyhzb",
        "url": "https://m1free.inwstream.com:1936/movie4/Kung_Fu_Panda_Secrets_of_the_Furious_Five_2008/Kung_Fu_Panda_Secrets_of_the_Furious_Five_2008_th_720.mp4/playlist.m3u8",
        "referer": "https://fw4free.com/"
    },
    {
        "name": "Kung Fu Panda: Secrets of the Furious Five กังฟูแพนด้า : ผ่าตำนานห้าผู้พิทักษ์ ป่วนยุทธ (2008)",
        "info": "บรรยายไทย",
        "image": "https://img.fw4free.com/postor/202506121729513HENPRM1tGRswyjgiIbP9b4sult.jpg",
        "subtitle": "https://pastebin.com/raw/XjDpyhzb",
        "url": "https://m1free.inwstream.com:1936/movie4/Kung_Fu_Panda_Secrets_of_the_Furious_Five_2008/Kung_Fu_Panda_Secrets_of_the_Furious_Five_2008_st_720.mp4/playlist.m3u8",
        "referer": "https://fw4free.com/"
    },
    {
        "name": "Dog Man ด็อกแมน (2025)",
        "info": "พากย์ไทย",
        "image": "https://img.fw4free.com/postor/2025060921070389wNiexZdvLQ41OQWIsQy4O6jAQ.jpg",
        "subtitle": "https://pastebin.com/raw/XjDpyhzb",
        "url": "https://m1free.inwstream.com:1936/movie4/Dog_Man_2025/Dog_Man_2025_th_1080.mp4/playlist.m3u8",
        "referer": "https://fw4free.com/"
    },
    {
        "name": "Dog Man ด็อกแมน (2025)",
        "info": "บรรยายไทย",
        "image": "https://img.fw4free.com/postor/2025060921070389wNiexZdvLQ41OQWIsQy4O6jAQ.jpg",
        "subtitle": "https://pastebin.com/raw/XjDpyhzb",
        "url": "https://m1free.inwstream.com:1936/movie4/Dog_Man_2025/Dog_Man_2025_st_1080.mp4/playlist.m3u8",
        "referer": "https://fw4free.com/"
    },
    {
        "name": "Predator: Killer of Killers (2025)",
        "info": "บรรยายไทย",
        "image": "https://img.fw4free.com/postor/20250606181740lIBtgpfiB92xNoB3Wa2ZtRtcyYP.jpg",
        "subtitle": "https://pastebin.com/raw/XjDpyhzb",
        "url": "https://m1free.inwstream.com:1936/movie4/Predator_Killer_of_Killers_2025/Predator_Killer_of_Killers_2025_EN_1080p.mp4/playlist.m3u8",
        "referer": "https://fw4free.com/"
    },
    {
        "name": "Renegade Immortal ฝืนลิขิตฟ้าข้าขอเป็นเซียน (2023)",
        "info": "บรรยายไทย",
        "image": "https://img.fw4free.com/postor/2025060415182155zAOQ7RxDXC0Ae4JkDSxZrXKNV.jpg",
        "subtitle": "https://pastebin.com/raw/XjDpyhzb",
        "url": "https://m1free.inwstream.com:1936/movie4/Renegade_Immortal_2023/Renegade_Immortal_2023_st_1080.mp4/playlist.m3u8",
        "referer": "https://fw4free.com/"
    },
    {
        "name": "Lulu Is a Rhinoceros (2025)",
        "info": "บรรยายไทย",
        "image": "https://img.fw4free.com/postor/20250531085009h6cxDZb5JRzaMZP37AfGPlHfCnm.jpg",
        "subtitle": "https://pastebin.com/raw/XjDpyhzb",
        "url": "https://m1free.inwstream.com:1936/movie4/Lulu_is_a_Rhinoceros_2025/Lulu_is_a_Rhinoceros_2025_EN_1080p.mp4/playlist.m3u8",
        "referer": "https://fw4free.com/"
    },
    {
        "name": "Lost in Starlight เลือนหายในแสงดาว (2025)",
        "info": "พากย์ไทย",
        "image": "https://img.fw4free.com/postor/20250530150034dXlUIfwejWa9YvugU9V773dUASY.jpg",
        "subtitle": "https://pastebin.com/raw/XjDpyhzb",
        "url": "https://m1free.inwstream.com:1936/movie4/Lost_in_Starlight_2025/Lost_in_Starlight_2025_TH_1080p.mp4/playlist.m3u8",
        "referer": "https://fw4free.com/"
    },
    {
        "name": "Lost in Starlight เลือนหายในแสงดาว (2025)",
        "info": "บรรยายไทย",
        "image": "https://img.fw4free.com/postor/20250530150034dXlUIfwejWa9YvugU9V773dUASY.jpg",
        "subtitle": "https://pastebin.com/raw/XjDpyhzb",
        "url": "https://m1free.inwstream.com:1936/movie4/Lost_in_Starlight_2025/Lost_in_Starlight_2025_ST_1080p.mp4/playlist.m3u8",
        "referer": "https://fw4free.com/"
    },
    {
        "name": "Justice League: Crisis on Infinite Earths - Part One จัสติซ ลีก: วิกฤติบนโลกที่ไม่สิ้นสุด ตอนที่ 1 (2024)",
        "info": "บรรยายไทย",
        "image": "https://img.fw4free.com/postor/20250529115352zR6C66EDklgTPLHRSmmMt5878MR.jpg",
        "subtitle": "https://pastebin.com/raw/XjDpyhzb",
        "url": "https://m1free.inwstream.com:1936/movie4/Justice_League_Crisis_on_Infinite_Earths_Part_One_2024/Justice_League_Crisis_on_Infinite_Earths_Part_One_2024_EN_1080p.mp4/playlist.m3u8",
        "referer": "https://fw4free.com/"
    },
    {
        "name": "Deep Sea (Shen hai)",
        "info": "บรรยายไทย",
        "image": "https://img.fw4free.com/postor/20250526154506uqZ7kNDHBONqNkpY4LOE2ZGtSKo.jpg",
        "subtitle": "https://pastebin.com/raw/XjDpyhzb",
        "url": "https://m1free.inwstream.com:1936/movie4/Deep_Sea_2023/Deep_Sea_2023_ST_1080p_T.mp4/playlist.m3u8",
        "referer": "https://fw4free.com/"
    },
    {
        "name": "Throne of Seal The Movie: The Crownless God ผนึกเทพบัลลังก์ราชันย์ ตอน ยอดตำนานอีไหลเค่อซือ (2025)",
        "info": "บรรยายไทย",
        "image": "https://img.fw4free.com/postor/202505242343413UkzQxfg2oH2c19rRnqlYu1qrzM.jpg",
        "subtitle": "https://pastebin.com/raw/XjDpyhzb",
        "url": "https://m1free.inwstream.com:1936/movie4/Throne_of_Seal_The_Movie_The_Crownless_God_2025/Throne_of_Seal_The_Movie_The_Crownless_God_2025_st_1080.mp4/playlist.m3u8",
        "referer": "https://fw4free.com/"
    },
    {
        "name": "Dragonkeeper (2024)",
        "info": "บรรยายไทย",
        "image": "https://img.fw4free.com/postor/20250521174718ggZGnJLzO3BTu7ysuuIzou3Oex5.jpg",
        "subtitle": "https://pastebin.com/raw/XjDpyhzb",
        "url": "https://m1free.inwstream.com:1936/movie4/Dragonkeeper_2024/Dragonkeeper_2024_st_1080_T.mp4/playlist.m3u8",
        "referer": "https://fw4free.com/"
    },
    {
        "name": "Detective Conan the Movie: The Eleventh Striker ยอดนักสืบจิ๋วโคนัน เดอะมูฟวี่ 16: ปริศนาระทึกศึกลูกหนังมรณะ (2012)",
        "info": "พากย์ไทย",
        "image": "https://img.fw4free.com/postor/20250516103541Zyz4LwTgVZvQ9n0L1RqiUxVeiE.jpg",
        "subtitle": "https://pastebin.com/raw/XjDpyhzb",
        "url": "https://m1free.inwstream.com:1936/movie4/Detective_Conan_the_Movie_Eleventh_Striker_2012/Detective_Conan_the_Movie_Eleventh_Striker_2012_TH_1080p.mp4/playlist.m3u8",
        "referer": "https://fw4free.com/"
    },
    {
        "name": "Detective Conan the Movie: The Eleventh Striker ยอดนักสืบจิ๋วโคนัน เดอะมูฟวี่ 16: ปริศนาระทึกศึกลูกหนังมรณะ (2012)",
        "info": "บรรยายไทย",
        "image": "https://img.fw4free.com/postor/20250516103541Zyz4LwTgVZvQ9n0L1RqiUxVeiE.jpg",
        "subtitle": "https://pastebin.com/raw/XjDpyhzb",
        "url": "https://m1free.inwstream.com:1936/movie4/Detective_Conan_the_Movie_Eleventh_Striker_2012/Detective_Conan_the_Movie_Eleventh_Striker_2012_ST_1080p.mp4/playlist.m3u8",
        "referer": "https://fw4free.com/"
    },
    {
        "name": "Detective Conan the Movie: Full Score of Fear ยอดนักสืบจิ๋วโคนัน เดอะมูฟวี่ 12: บทเพลงแห่งความตาย (2008)",
        "info": "พากย์ไทย",
        "image": "https://img.fw4free.com/postor/20250516102042q4A4Zs2iImNNw2MQZwBh7USRwZr.jpg",
        "subtitle": "https://pastebin.com/raw/XjDpyhzb",
        "url": "https://m1free.inwstream.com:1936/movie4/Detective_Conan_the_Movie_Full_Score_of_Fear_2008/Detective_Conan_the_Movie_Full_Score_of_Fear_2008_TH_1080p.mp4/playlist.m3u8",
        "referer": "https://fw4free.com/"
    },
    {
        "name": "Detective Conan the Movie: Full Score of Fear ยอดนักสืบจิ๋วโคนัน เดอะมูฟวี่ 12: บทเพลงแห่งความตาย (2008)",
        "info": "บรรยายไทย",
        "image": "https://img.fw4free.com/postor/20250516102042q4A4Zs2iImNNw2MQZwBh7USRwZr.jpg",
        "subtitle": "https://pastebin.com/raw/XjDpyhzb",
        "url": "https://m1free.inwstream.com:1936/movie4/Detective_Conan_the_Movie_Full_Score_of_Fear_2008/Detective_Conan_the_Movie_Full_Score_of_Fear_2008_ST_1080p.mp4/playlist.m3u8",
        "referer": "https://fw4free.com/"
    },
    {
        "name": "Detective Conan the Movie: Quarter of Silence ยอดนักสืบจิ๋วโคนัน เดอะมูฟวี่ 15: นาทีเฉียดวิกฤติมรณะ (2011)",
        "info": "พากย์ไทย",
        "image": "https://img.fw4free.com/postor/20250516100435o7fq7jkG2OrZ9G6qCldXWRbr0J4.jpg",
        "subtitle": "https://pastebin.com/raw/XjDpyhzb",
        "url": "https://m1free.inwstream.com:1936/movie4/Detective_Conan_the_Movie_Quarter_of_Silence_2011/Detective_Conan_the_Movie_Quarter_of_Silence_2011_TH_1080p.mp4/playlist.m3u8",
        "referer": "https://fw4free.com/"
    },
    {
        "name": "Detective Conan the Movie: Quarter of Silence ยอดนักสืบจิ๋วโคนัน เดอะมูฟวี่ 15: นาทีเฉียดวิกฤติมรณะ (2011)",
        "info": "บรรยายไทย",
        "image": "https://img.fw4free.com/postor/20250516100435o7fq7jkG2OrZ9G6qCldXWRbr0J4.jpg",
        "subtitle": "https://pastebin.com/raw/XjDpyhzb",
        "url": "https://m1free.inwstream.com:1936/movie4/Detective_Conan_the_Movie_Quarter_of_Silence_2011/Detective_Conan_the_Movie_Quarter_of_Silence_2011_ST_1080p.mp4/playlist.m3u8",
        "referer": "https://fw4free.com/"
    },
    {
        "name": "Detective Conan the Movie: The Raven Chaser ยอดนักสืบจิ๋วโคนัน เดอะมูฟวี่ 13: ปริศนานักล่าทรชนทมิฬ (2009)",
        "info": "พากย์ไทย",
        "image": "https://img.fw4free.com/postor/202505160945368x02R9pNenUTcD8lvUvF6JlkMrX.jpg",
        "subtitle": "https://pastebin.com/raw/XjDpyhzb",
        "url": "https://m1free.inwstream.com:1936/movie4/Detective_Conan_the_Movie_Raven_Chaser_2009/Detective_Conan_the_Movie_Raven_Chaser_2009_TH_1080p.mp4/playlist.m3u8",
        "referer": "https://fw4free.com/"
    },
    {
        "name": "Detective Conan the Movie: The Raven Chaser ยอดนักสืบจิ๋วโคนัน เดอะมูฟวี่ 13: ปริศนานักล่าทรชนทมิฬ (2009)",
        "info": "บรรยายไทย",
        "image": "https://img.fw4free.com/postor/202505160945368x02R9pNenUTcD8lvUvF6JlkMrX.jpg",
        "subtitle": "https://pastebin.com/raw/XjDpyhzb",
        "url": "https://m1free.inwstream.com:1936/movie4/Detective_Conan_the_Movie_Raven_Chaser_2009/Detective_Conan_the_Movie_Raven_Chaser_2009_ST_1080p.mp4/playlist.m3u8",
        "referer": "https://fw4free.com/"
    },
    {
        "name": "Detective Conan the Movie: The Darkest Nightmare ยอดนักสืบจิ๋ว โคนัน เดอะมูฟวี่ 20 ปริศนารัตติกาลทมิฬ (2016)",
        "info": "พากย์ไทย",
        "image": "https://img.fw4free.com/postor/20250516093110nh9Lox3AvMfm5R7JhWBxG43vdBm.jpg",
        "subtitle": "https://pastebin.com/raw/XjDpyhzb",
        "url": "https://m1free.inwstream.com:1936/movie4/Detective_Conan_the_Movie_The_Darkest_Nightmare_2016/Detective_Conan_the_Movie_The_Darkest_Nightmare_2016_TH_1080p.mp4/playlist.m3u8",
        "referer": "https://fw4free.com/"
    },
    {
        "name": "Detective Conan the Movie: The Darkest Nightmare ยอดนักสืบจิ๋ว โคนัน เดอะมูฟวี่ 20 ปริศนารัตติกาลทมิฬ (2016)",
        "info": "บรรยายไทย",
        "image": "https://img.fw4free.com/postor/20250516093110nh9Lox3AvMfm5R7JhWBxG43vdBm.jpg",
        "subtitle": "https://pastebin.com/raw/XjDpyhzb",
        "url": "https://m1free.inwstream.com:1936/movie4/Detective_Conan_the_Movie_The_Darkest_Nightmare_2016/Detective_Conan_the_Movie_The_Darkest_Nightmare_2016_ST_1080p.mp4/playlist.m3u8",
        "referer": "https://fw4free.com/"
    },
    {
        "name": "Detective Conan the Movie: Jolly Roger in the Deep Azure ยอดนักสืบจิ๋วโคนัน เดอะมูฟวี่ 11: ปริศนามหาขุมทรัพย์โจรสลัด (2007)",
        "info": "พากย์ไทย",
        "image": "https://img.fw4free.com/postor/202505160908154JMcXwplgEEXOUMrLlBjspwWtYK.jpg",
        "subtitle": "https://pastebin.com/raw/XjDpyhzb",
        "url": "https://m1free.inwstream.com:1936/movie4/Detective_Conan_the_Movie_Jolly_Roger_in_the_Deep_Azure_2007/Detective_Conan_the_Movie_Jolly_Roger_in_the_Deep_Azure_2007_TH_1080p.mp4/playlist.m3u8",
        "referer": "https://fw4free.com/"
    },
    {
        "name": "Detective Conan the Movie: Jolly Roger in the Deep Azure ยอดนักสืบจิ๋วโคนัน เดอะมูฟวี่ 11: ปริศนามหาขุมทรัพย์โจรสลัด (2007)",
        "info": "บรรยายไทย",
        "image": "https://img.fw4free.com/postor/202505160908154JMcXwplgEEXOUMrLlBjspwWtYK.jpg",
        "subtitle": "https://pastebin.com/raw/XjDpyhzb",
        "url": "https://m1free.inwstream.com:1936/movie4/Detective_Conan_the_Movie_Jolly_Roger_in_the_Deep_Azure_2007/Detective_Conan_the_Movie_Jolly_Roger_in_the_Deep_Azure_2007_ST_1080p.mp4/playlist.m3u8",
        "referer": "https://fw4free.com/"
    },
    {
        "name": "Kung Fu Panda 3 กังฟูแพนด้า 3 (2016)",
        "info": "พากย์ไทย",
        "image": "https://img.fw4free.com/postor/20250513113617rSc4P7WRUxus544RqmQSmSQGIWu.jpg",
        "subtitle": "https://pastebin.com/raw/XjDpyhzb",
        "url": "https://m1free.inwstream.com:1936/movie4/Kung_Fu_Panda_3_2016/Kung_Fu_Panda_3_2016_th_1080.mp4/playlist.m3u8",
        "referer": "https://fw4free.com/"
    },
    {
        "name": "Kung Fu Panda 3 กังฟูแพนด้า 3 (2016)",
        "info": "บรรยายไทย",
        "image": "https://img.fw4free.com/postor/20250513113617rSc4P7WRUxus544RqmQSmSQGIWu.jpg",
        "subtitle": "https://pastebin.com/raw/XjDpyhzb",
        "url": "https://m1free.inwstream.com:1936/movie4/Kung_Fu_Panda_3_2016/Kung_Fu_Panda_3_2016_st_1080.mp4/playlist.m3u8",
        "referer": "https://fw4free.com/"
    },
    {
        "name": "Kung Fu Panda 2 กังฟูแพนด้า 2 (2011)",
        "info": "พากย์ไทย",
        "image": "https://img.fw4free.com/postor/20250513113405xRVviLJhDDSORz84LkqMY01HjFG.jpg",
        "subtitle": "https://pastebin.com/raw/XjDpyhzb",
        "url": "https://m1free.inwstream.com:1936/movie4/Kung_Fu_Panda_2_2011/Kung_Fu_Panda_2_2011_th_1080.mp4/playlist.m3u8",
        "referer": "https://fw4free.com/"
    },
    {
        "name": "Kung Fu Panda 2 กังฟูแพนด้า 2 (2011)",
        "info": "บรรยายไทย",
        "image": "https://img.fw4free.com/postor/20250513113405xRVviLJhDDSORz84LkqMY01HjFG.jpg",
        "subtitle": "https://pastebin.com/raw/XjDpyhzb",
        "url": "https://m1free.inwstream.com:1936/movie4/Kung_Fu_Panda_2_2011/Kung_Fu_Panda_2_2011_st_1080.mp4/playlist.m3u8",
        "referer": "https://fw4free.com/"
    },
    {
        "name": "Kung Fu Panda กังฟูแพนด้า จอมยุทธพลิกล็อค ช็อคยุทธภพ (2008)",
        "info": "พากย์ไทย",
        "image": "https://img.fw4free.com/postor/20250513113102xCn3VOST64XpOA8x0gaQkQiZtZY.jpg",
        "subtitle": "https://pastebin.com/raw/XjDpyhzb",
        "url": "https://m1free.inwstream.com:1936/movie4/Kung_Fu_Panda_2008/Kung_Fu_Panda_2008_th_1080.mp4/playlist.m3u8",
        "referer": "https://fw4free.com/"
    },
    {
        "name": "Kung Fu Panda กังฟูแพนด้า จอมยุทธพลิกล็อค ช็อคยุทธภพ (2008)",
        "info": "บรรยายไทย",
        "image": "https://img.fw4free.com/postor/20250513113102xCn3VOST64XpOA8x0gaQkQiZtZY.jpg",
        "subtitle": "https://pastebin.com/raw/XjDpyhzb",
        "url": "https://m1free.inwstream.com:1936/movie4/Kung_Fu_Panda_2008/Kung_Fu_Panda_2008_st_1080.mp4/playlist.m3u8",
        "referer": "https://fw4free.com/"
    },
    {
        "name": "Batman Ninja vs. Yakuza League (2025)",
        "info": "บรรยายไทย",
        "image": "https://img.fw4free.com/postor/202505131123073onmLeu48mY87UclP3fk2x7YPqw.jpg",
        "subtitle": "https://pastebin.com/raw/XjDpyhzb",
        "url": "https://m1free.inwstream.com:1936/movie4/Batman_Ninja_vs_Yakuza_League_2025/Batman_Ninja_vs_Yakuza_League_2025_st_1080.mp4/playlist.m3u8",
        "referer": "https://fw4free.com/"
    },
    {
        "name": "Piece by Piece ชิ้นต่อชิ้น (2024)",
        "info": "พากย์ไทย",
        "image": "https://img.fw4free.com/postor/20250124073429fmOPcP8WRvm8cok4Hz3REwD7rlJ.jpg",
        "subtitle": "https://pastebin.com/raw/XjDpyhzb",
        "url": "https://m1free.inwstream.com:1936/movie4/Piece_by_Piece_2024/Piece_by_Piece_2024_TH_1080p.mp4/playlist.m3u8",
        "referer": "https://fw4free.com/"
    },
    {
        "name": "Piece by Piece ชิ้นต่อชิ้น (2024)",
        "info": "บรรยายไทย",
        "image": "https://img.fw4free.com/postor/20250124073429fmOPcP8WRvm8cok4Hz3REwD7rlJ.jpg",
        "subtitle": "https://pastebin.com/raw/XjDpyhzb",
        "url": "https://m1free.inwstream.com:1936/movie4/Piece_by_Piece_2024/Piece_by_Piece_2024_st_1080.mp4/playlist.m3u8",
        "referer": "https://fw4free.com/"
    },
    {
        "name": "Detective Conan the Movie: Strategy Above the Depths ยอดนักสืบจิ๋วโคนัน เดอะมูฟวี่ 9: ยุทธการเหนือห้วงทะเลลึก (2005)",
        "info": "พากย์ไทย",
        "image": "https://img.fw4free.com/postor/202505021048481PwMEv9BqOh8dHFm2FStOiIOO9z.jpg",
        "subtitle": "https://pastebin.com/raw/XjDpyhzb",
        "url": "https://m1free.inwstream.com:1936/movie4/Detective_Conan_the_Movie_Strategy_Above_the_Depths_2005/Detective_Conan_the_Movie_Strategy_Above_the_Depths_2005_TH_1080p.mp4/playlist.m3u8",
        "referer": "https://fw4free.com/"
    },
    {
        "name": "Detective Conan the Movie: Strategy Above the Depths ยอดนักสืบจิ๋วโคนัน เดอะมูฟวี่ 9: ยุทธการเหนือห้วงทะเลลึก (2005)",
        "info": "บรรยายไทย",
        "image": "https://img.fw4free.com/postor/202505021048481PwMEv9BqOh8dHFm2FStOiIOO9z.jpg",
        "subtitle": "https://pastebin.com/raw/XjDpyhzb",
        "url": "https://m1free.inwstream.com:1936/movie4/Detective_Conan_the_Movie_Strategy_Above_the_Depths_2005/Detective_Conan_the_Movie_Strategy_Above_the_Depths_2005_ST_1080p.mp4/playlist.m3u8",
        "referer": "https://fw4free.com/"
    },
    {
        "name": "Detective Conan: The Lost Ship in the Sky ยอดนักสืบจิ๋วโคนัน เดอะมูฟวี่ 14: ปริศนามรณะเหนือน่านฟ้า (2010)",
        "info": "พากย์ไทย",
        "image": "https://img.fw4free.com/postor/202505021034176eR2zMP4xhFR3SozHEIIJCQLQ66.jpg",
        "subtitle": "https://pastebin.com/raw/XjDpyhzb",
        "url": "https://m1free.inwstream.com:1936/movie4/Detective_Conan_the_Movie_The Lost_Ship_in_the_Sky_2010/Detective_Conan_the_Movie_The Lost_Ship_in_the_Sky_2010_TH_1080p.mp4/playlist.m3u8",
        "referer": "https://fw4free.com/"
    },
    {
        "name": "Detective Conan: The Lost Ship in the Sky ยอดนักสืบจิ๋วโคนัน เดอะมูฟวี่ 14: ปริศนามรณะเหนือน่านฟ้า (2010)",
        "info": "บรรยายไทย",
        "image": "https://img.fw4free.com/postor/202505021034176eR2zMP4xhFR3SozHEIIJCQLQ66.jpg",
        "subtitle": "https://pastebin.com/raw/XjDpyhzb",
        "url": "https://m1free.inwstream.com:1936/movie4/Detective_Conan_the_Movie_The Lost_Ship_in_the_Sky_2010/Detective_Conan_the_Movie_The Lost_Ship_in_the_Sky_2010_ST_1080p.mp4/playlist.m3u8",
        "referer": "https://fw4free.com/"
    },
    {
        "name": "Detective Conan the Movie: The Fist of Blue Sapphire ยอดนักสืบจิ๋วโคนันเดอะมูฟวี่ 23 ศึกชิงอัญมณีคราม (2019)",
        "info": "พากย์ไทย",
        "image": "https://img.fw4free.com/postor/20250502101028oDqhak2OutPdjfvVspC49qZ4wNr.jpg",
        "subtitle": "https://pastebin.com/raw/XjDpyhzb",
        "url": "https://m1free.inwstream.com:1936/movie4/Detective_Conan_the_Movie_The_Fist_of_Blue_Sapphire_2019/Detective_Conan_the_Movie_The_Fist_of_Blue_Sapphire_2019_TH_1080p.mp4/playlist.m3u8",
        "referer": "https://fw4free.com/"
    },
    {
        "name": "Detective Conan the Movie: The Fist of Blue Sapphire ยอดนักสืบจิ๋วโคนันเดอะมูฟวี่ 23 ศึกชิงอัญมณีคราม (2019)",
        "info": "บรรยายไทย",
        "image": "https://img.fw4free.com/postor/20250502101028oDqhak2OutPdjfvVspC49qZ4wNr.jpg",
        "subtitle": "https://pastebin.com/raw/XjDpyhzb",
        "url": "https://m1free.inwstream.com:1936/movie4/Detective_Conan_the_Movie_The_Fist_of_Blue_Sapphire_2019/Detective_Conan_the_Movie_The_Fist_of_Blue_Sapphire_2019_ST_1080p.mp4/playlist.m3u8",
        "referer": "https://fw4free.com/"
    },
    {
        "name": "Detective Conan the Movie: Countdown to Heaven ยอดนักสืบจิ๋วโคนัน เดอะมูฟวี่ 5: คดีปริศนาเส้นตายสู่สวรรค์ (2001)",
        "info": "พากย์ไทย",
        "image": "https://img.fw4free.com/postor/20250502094942j47digBrpuPmVALbcWvKrRXWAaG.jpg",
        "subtitle": "https://pastebin.com/raw/XjDpyhzb",
        "url": "https://m1free.inwstream.com:1936/movie4/Detective_Conan_the_Movie_Countdown_to_Heaven_2001/Detective_Conan_the_Movie_Countdown_to_Heaven_2001_TH_1080p.mp4/playlist.m3u8",
        "referer": "https://fw4free.com/"
    },
    {
        "name": "Detective Conan the Movie: Countdown to Heaven ยอดนักสืบจิ๋วโคนัน เดอะมูฟวี่ 5: คดีปริศนาเส้นตายสู่สวรรค์ (2001)",
        "info": "บรรยายไทย",
        "image": "https://img.fw4free.com/postor/20250502094942j47digBrpuPmVALbcWvKrRXWAaG.jpg",
        "subtitle": "https://pastebin.com/raw/XjDpyhzb",
        "url": "https://m1free.inwstream.com:1936/movie4/Detective_Conan_the_Movie_Countdown_to_Heaven_2001/Detective_Conan_the_Movie_Countdown_to_Heaven_2001_ST_1080p.mp4/playlist.m3u8",
        "referer": "https://fw4free.com/"
    },
    {
        "name": "Detective Conan the Movie: The Phantom of Baker Street ยอดนักสืบจิ๋วโคนัน เดอะมูฟวี่ 6: ปริศนาบนถนนสายมรณะ (2002)",
        "info": "พากย์ไทย",
        "image": "https://img.fw4free.com/postor/20250502092910tSthL08l3QG7NExoCBtQynCvZfD.jpg",
        "subtitle": "https://pastebin.com/raw/XjDpyhzb",
        "url": "https://m1free.inwstream.com:1936/movie4/Detective_Conan_the_Movie_The_Phantom_of_Baker_Street_2002/Detective_Conan_the_Movie_The_Phantom_of_Baker_Street_2002_TH_1080p.mp4/playlist.m3u8",
        "referer": "https://fw4free.com/"
    },
    {
        "name": "Detective Conan the Movie: The Phantom of Baker Street ยอดนักสืบจิ๋วโคนัน เดอะมูฟวี่ 6: ปริศนาบนถนนสายมรณะ (2002)",
        "info": "บรรยายไทย",
        "image": "https://img.fw4free.com/postor/20250502092910tSthL08l3QG7NExoCBtQynCvZfD.jpg",
        "subtitle": "https://pastebin.com/raw/XjDpyhzb",
        "url": "https://m1free.inwstream.com:1936/movie4/Detective_Conan_the_Movie_The_Phantom_of_Baker_Street_2002/Detective_Conan_the_Movie_The_Phantom_of_Baker_Street_2002_ST_1080p.mp4/playlist.m3u8",
        "referer": "https://fw4free.com/"
    },
    {
        "name": "The Rose of Versailles (Versailles no bara)",
        "info": "พากย์ไทย",
        "image": "https://img.fw4free.com/postor/20250430160416tsm045wjZDrv1SUToM5rb2R8y0o.jpg",
        "subtitle": "https://pastebin.com/raw/XjDpyhzb",
        "url": "https://m1free.inwstream.com:1936/movie4/The_Rose_of_Versailles_2025/The_Rose_of_Versailles_2025_TH_1080p.mp4/playlist.m3u8",
        "referer": "https://fw4free.com/"
    },
    {
        "name": "The Rose of Versailles (Versailles no bara)",
        "info": "บรรยายไทย",
        "image": "https://img.fw4free.com/postor/20250430160416tsm045wjZDrv1SUToM5rb2R8y0o.jpg",
        "subtitle": "https://pastebin.com/raw/XjDpyhzb",
        "url": "https://m1free.inwstream.com:1936/movie4/The_Rose_of_Versailles_2025/The_Rose_of_Versailles_2025_ST_1080p.mp4/playlist.m3u8",
        "referer": "https://fw4free.com/"
    },
    {
        "name": "Girls und Panzer das Finale OVA: Taiyaki War! (2020)",
        "info": "บรรยายไทย",
        "image": "https://img.fw4free.com/postor/20250426021853gmKO1t9eXTmqfIgACJsixt0dkD0.jpg",
        "subtitle": "https://pastebin.com/raw/XjDpyhzb",
        "url": "https://m1free.inwstream.com:1936/movie4/Girls_und_Panzer_das_Finale_OVA_Taiyaki_War_2020/Girls_und_Panzer_das_Finale_OVA_Taiyaki_War_2020_st_1080_T.mp4/playlist.m3u8",
        "referer": "https://fw4free.com/"
    },
    {
        "name": "Girls und Panzer das Finale: Part IV (2023)",
        "info": "บรรยายไทย",
        "image": "https://img.fw4free.com/postor/20250426021255today-is-the-day-release-of-das.jpg",
        "subtitle": "https://pastebin.com/raw/XjDpyhzb",
        "url": "https://m1free.inwstream.com:1936/movie4/Girls_und_Panzer_das_Finale_Part_IV_2023/Girls_und_Panzer_das_Finale_Part_IV_2023_st_1080_TT.mp4/playlist.m3u8",
        "referer": "https://fw4free.com/"
    },
    {
        "name": "Girls und Panzer das Finale: Part III (2021)",
        "info": "บรรยายไทย",
        "image": "https://img.fw4free.com/postor/20250426020124nW3Om8dEgAxsZMWGlEbkyVUb3iP.jpg",
        "subtitle": "https://pastebin.com/raw/XjDpyhzb",
        "url": "https://m1free.inwstream.com:1936/movie4/Girls_und_Panzer_das_Finale_Part_III_2021/Girls_und_Panzer_das_Finale_Part_III_2021_st_1080_T.mp4/playlist.m3u8",
        "referer": "https://fw4free.com/"
    },
    {
        "name": "Girls und Panzer das Finale: Part II (2019)",
        "info": "บรรยายไทย",
        "image": "https://img.fw4free.com/postor/202504260151272UPHyMm8fE22yvTFVGu1LW2nVF0.jpg",
        "subtitle": "https://pastebin.com/raw/XjDpyhzb",
        "url": "https://m1free.inwstream.com:1936/movie4/Girls_und_Panzer_das_Finale_Part_II_2019/Girls_und_Panzer_das_Finale_Part_II_2019_st_1080_T.mp4/playlist.m3u8",
        "referer": "https://fw4free.com/"
    },
    {
        "name": "Girls und Panzer das Finale: Part I (2017)",
        "info": "บรรยายไทย",
        "image": "https://img.fw4free.com/postor/20250426014631dS5siHVyKZL6JXpAwjFY80ullQP.jpg",
        "subtitle": "https://pastebin.com/raw/XjDpyhzb",
        "url": "https://m1free.inwstream.com:1936/movie4/Girls_und_Panzer_das_Finale_Part_I_2017/Girls_und_Panzer_das_Finale_Part_I_2017_st_1080_T.mp4/playlist.m3u8",
        "referer": "https://fw4free.com/"
    },
    {
        "name": "One Piece Fan Letter (2024)",
        "info": "บรรยายไทย",
        "image": "https://img.fw4free.com/postor/20250426014136MV5BM2E5ZTlkYzMtZjYwNy00ZDc4LWE5.jpg",
        "subtitle": "https://pastebin.com/raw/XjDpyhzb",
        "url": "https://m1free.inwstream.com:1936/movie4/One_Piece_Fan_Letter_2024/One_Piece_Fan_Letter_2024_st_1080.mp4/playlist.m3u8",
        "referer": "https://fw4free.com/"
    },
    {
        "name": "Metalocalypse: Army of the Doomstar เมทาโลคาลิปส์: กองทัพแห่งดูมสตาร์ (2023)",
        "info": "บรรยายไทย",
        "image": "https://img.fw4free.com/postor/20250425102410fGc9HKeGKebC1RD7WPt0NYDONTo.jpg",
        "subtitle": "https://pastebin.com/raw/XjDpyhzb",
        "url": "https://m1free.inwstream.com:1936/movie4/Metalocalypse_Army_of_the_Doomstar_2023/Metalocalypse_Army_of_the_Doomstar_2023_EN_1080p.mp4/playlist.m3u8",
        "referer": "https://fw4free.com/"
    },
    {
        "name": "Girls und Panzer der Film สาวปิ๊ง! ซิ่งแทงค์ มูฟวี่ (2015)",
        "info": "บรรยายไทย",
        "image": "https://img.fw4free.com/postor/20250423233141jGa3LLsUzj9gooXstNyTIqazOWS.jpg",
        "subtitle": "https://pastebin.com/raw/XjDpyhzb",
        "url": "https://m1free.inwstream.com:1936/movie4/Girls_und_Panzer_der_Film_2015/Girls_und_Panzer_der_Film_2015_st_1080.mp4/playlist.m3u8",
        "referer": "https://fw4free.com/"
    },
    {
        "name": "My Hero Academia: You're Next มายฮีโร่ อคาเดเมีย: YOU'RE NEXT (2024)",
        "info": "พากย์ไทย",
        "image": "https://img.fw4free.com/postor/202411090418548rdB1wkheEMMqcY8qLAKjCMPcnZ.jpg",
        "subtitle": "https://pastebin.com/raw/XjDpyhzb",
        "url": "https://m1free.inwstream.com:1936/movie4/My_Hero_Academia_You_re_Next_2024/My_Hero_Academia_You_re_Next_2024_TH_1080p.mp4/playlist.m3u8",
        "referer": "https://fw4free.com/"
    },
    {
        "name": "My Hero Academia: You're Next มายฮีโร่ อคาเดเมีย: YOU'RE NEXT (2024)",
        "info": "บรรยายไทย",
        "image": "https://img.fw4free.com/postor/202411090418548rdB1wkheEMMqcY8qLAKjCMPcnZ.jpg",
        "subtitle": "https://pastebin.com/raw/XjDpyhzb",
        "url": "https://m1free.inwstream.com:1936/movie4/My_Hero_Academia_You_re_Next_2024/My_Hero_Academia_You_re_Next_2024_ST_1080p.mp4/playlist.m3u8",
        "referer": "https://fw4free.com/"
    },
    {
        "name": "Detective Conan the Movie: The Private Eyes' Requiem ยอดนักสืบจิ๋วโคนัน เดอะมูฟวี่ 10: บทเพลงมรณะแด่เหล่านักสืบ (2006)",
        "info": "พากย์ไทย",
        "image": "https://img.fw4free.com/postor/20250418120642gusgBrOJambus5OuuBov02uuWad.jpg",
        "subtitle": "https://pastebin.com/raw/XjDpyhzb",
        "url": "https://m1free.inwstream.com:1936/movie4/Detective_Conan_the_Movie_The_Private_Eyes_Requiem_2006/Detective_Conan_the_Movie_The_Private_Eyes_Requiem_2006_TH_1080p.mp4/playlist.m3u8",
        "referer": "https://fw4free.com/"
    },
    {
        "name": "Detective Conan the Movie: The Private Eyes' Requiem ยอดนักสืบจิ๋วโคนัน เดอะมูฟวี่ 10: บทเพลงมรณะแด่เหล่านักสืบ (2006)",
        "info": "บรรยายไทย",
        "image": "https://img.fw4free.com/postor/20250418120642gusgBrOJambus5OuuBov02uuWad.jpg",
        "subtitle": "https://pastebin.com/raw/XjDpyhzb",
        "url": "https://m1free.inwstream.com:1936/movie4/Detective_Conan_the_Movie_The_Private_Eyes_Requiem_2006/Detective_Conan_the_Movie_The_Private_Eyes_Requiem_2006_ST_1080p.mp4/playlist.m3u8",
        "referer": "https://fw4free.com/"
    },
    {
        "name": "Detective Conan the Movie: Magician of the Silver Sky ยอดนักสืบจิ๋วโคนัน เดอะมูฟวี่ 8: มนตราแห่งรัตติกาลสีเงิน (2004)",
        "info": "พากย์ไทย",
        "image": "https://img.fw4free.com/postor/20250418114755dv1TiQGuspfvik9zDcQdE3740HX.jpg",
        "subtitle": "https://pastebin.com/raw/XjDpyhzb",
        "url": "https://m1free.inwstream.com:1936/movie4/Detective_Conan_the_movie_Magician_of_the_Silver_Sky_2004/Detective_Conan_the_movie_Magician_of_the_Silver_Sky_2004_TH_1080p.mp4/playlist.m3u8",
        "referer": "https://fw4free.com/"
    },
    {
        "name": "Detective Conan the Movie: Magician of the Silver Sky ยอดนักสืบจิ๋วโคนัน เดอะมูฟวี่ 8: มนตราแห่งรัตติกาลสีเงิน (2004)",
        "info": "บรรยายไทย",
        "image": "https://img.fw4free.com/postor/20250418114755dv1TiQGuspfvik9zDcQdE3740HX.jpg",
        "subtitle": "https://pastebin.com/raw/XjDpyhzb",
        "url": "https://m1free.inwstream.com:1936/movie4/Detective_Conan_the_movie_Magician_of_the_Silver_Sky_2004/Detective_Conan_the_movie_Magician_of_the_Silver_Sky_2004_ST_1080p.mp4/playlist.m3u8",
        "referer": "https://fw4free.com/"
    },
    {
        "name": "Detective Conan the Movie: Private Eye in the Distant Sea ยอดนักสืบจิ๋วโคนัน เดอะมูฟวี่ 17: ฝ่าวิกฤติเรือรบมรณะ (2013)",
        "info": "พากย์ไทย",
        "image": "https://img.fw4free.com/postor/20250418113136dhk6mi4a8vNjHJKO2QOFtwenJWP.jpg",
        "subtitle": "https://pastebin.com/raw/XjDpyhzb",
        "url": "https://m1free.inwstream.com:1936/movie4/Detective_Conan_the_Movie_Private_Eye_in_the_Distant_Sea_2013/Detective_Conan_the_Movie_Private_Eye_in_the_Distant_Sea_2013_TH_1080p.mp4/playlist.m3u8",
        "referer": "https://fw4free.com/"
    },
    {
        "name": "Detective Conan the Movie: Private Eye in the Distant Sea ยอดนักสืบจิ๋วโคนัน เดอะมูฟวี่ 17: ฝ่าวิกฤติเรือรบมรณะ (2013)",
        "info": "บรรยายไทย",
        "image": "https://img.fw4free.com/postor/20250418113136dhk6mi4a8vNjHJKO2QOFtwenJWP.jpg",
        "subtitle": "https://pastebin.com/raw/XjDpyhzb",
        "url": "https://m1free.inwstream.com:1936/movie4/Detective_Conan_the_Movie_Private_Eye_in_the_Distant_Sea_2013/Detective_Conan_the_Movie_Private_Eye_in_the_Distant_Sea_2013_ST_1080p.mp4/playlist.m3u8",
        "referer": "https://fw4free.com/"
    },
    {
        "name": "Detective Conan the Movie: Captured in Her Eyes ยอดนักสืบจิ๋วโคนัน เดอะมูฟวี่ 4: คดีฆาตกรรมนัยน์ตามรณะ (2000)",
        "info": "พากย์ไทย",
        "image": "https://img.fw4free.com/postor/20250418111911brxp0GwvBwJWnZ8IRJsiIhKuz42.jpg",
        "subtitle": "https://pastebin.com/raw/XjDpyhzb",
        "url": "https://m1free.inwstream.com:1936/movie4/Detective_Conan_the_Movie_Captured_in_Her_Eyes_2000/Detective_Conan_the_Movie_Captured_in_Her_Eyes_2000_TH_1080p.mp4/playlist.m3u8",
        "referer": "https://fw4free.com/"
    },
    {
        "name": "Detective Conan the Movie: Captured in Her Eyes ยอดนักสืบจิ๋วโคนัน เดอะมูฟวี่ 4: คดีฆาตกรรมนัยน์ตามรณะ (2000)",
        "info": "บรรยายไทย",
        "image": "https://img.fw4free.com/postor/20250418111911brxp0GwvBwJWnZ8IRJsiIhKuz42.jpg",
        "subtitle": "https://pastebin.com/raw/XjDpyhzb",
        "url": "https://m1free.inwstream.com:1936/movie4/Detective_Conan_the_Movie_Captured_in_Her_Eyes_2000/Detective_Conan_the_Movie_Captured_in_Her_Eyes_2000_ST_1080p.mp4/playlist.m3u8",
        "referer": "https://fw4free.com/"
    },
    {
        "name": "Detective Conan the Movie: The Sniper from Another Dimension ยอดนักสืบจิ๋วโคนัน เดอะมูฟวี่ 18: ปริศนากระสุนมรณะ (2014)",
        "info": "พากย์ไทย",
        "image": "https://img.fw4free.com/postor/202504181048269GvWIDdb59oFZln4ZL0ftzXEaeB.jpg",
        "subtitle": "https://pastebin.com/raw/XjDpyhzb",
        "url": "https://m1free.inwstream.com:1936/movie4/Detective_Conan_the_Movie_The_Sniper_from_Another_Dimension_2014/Detective_Conan_the_Movie_The_Sniper_from_Another_Dimension_2014_TH_1080p.mp4/playlist.m3u8",
        "referer": "https://fw4free.com/"
    },
    {
        "name": "Detective Conan the Movie: The Sniper from Another Dimension ยอดนักสืบจิ๋วโคนัน เดอะมูฟวี่ 18: ปริศนากระสุนมรณะ (2014)",
        "info": "บรรยายไทย",
        "image": "https://img.fw4free.com/postor/202504181048269GvWIDdb59oFZln4ZL0ftzXEaeB.jpg",
        "subtitle": "https://pastebin.com/raw/XjDpyhzb",
        "url": "https://m1free.inwstream.com:1936/movie4/Detective_Conan_the_Movie_The_Sniper_from_Another_Dimension_2014/Detective_Conan_the_Movie_The_Sniper_from_Another_Dimension_2014_ST_1080p.mp4/playlist.m3u8",
        "referer": "https://fw4free.com/"
    },
    {
        "name": "Detective Conan the Movie: The Fourteenth Target ยอดนักสืบจิ๋วโคนัน เดอะมูฟวี่ 2: คดีฆาตกรรมไพ่ปริศนา (1998)",
        "info": "พากย์ไทย",
        "image": "https://img.fw4free.com/postor/20250418103436e4X2h5HiOTGroFTLReukIaLAdZt.jpg",
        "subtitle": "https://pastebin.com/raw/XjDpyhzb",
        "url": "https://m1free.inwstream.com:1936/movie4/Detective_Conan_the_Movie_The_Fourteenth_Target_1998/Detective_Conan_the_Movie_The_Fourteenth_Target_1998_TH_1080p.mp4/playlist.m3u8",
        "referer": "https://fw4free.com/"
    },
    {
        "name": "Detective Conan the Movie: The Fourteenth Target ยอดนักสืบจิ๋วโคนัน เดอะมูฟวี่ 2: คดีฆาตกรรมไพ่ปริศนา (1998)",
        "info": "บรรยายไทย",
        "image": "https://img.fw4free.com/postor/20250418103436e4X2h5HiOTGroFTLReukIaLAdZt.jpg",
        "subtitle": "https://pastebin.com/raw/XjDpyhzb",
        "url": "https://m1free.inwstream.com:1936/movie4/Detective_Conan_the_Movie_The_Fourteenth_Target_1998/Detective_Conan_the_Movie_The_Fourteenth_Target_1998_ST_1080p.mp4/playlist.m3u8",
        "referer": "https://fw4free.com/"
    },
    {
        "name": "Peter Pan ปีเตอร์ แพน [ 1-2 ]",
        "info": "ภาค1",
        "image": "https://img.fw4free.com/postor/20191114141951Peter Pan ปีเตอร์ แพน [ 1-2 ].jpg",
        "subtitle": "https://pastebin.com/raw/XjDpyhzb",
        "url": "https://m1free.inwstream.com:1936/movie1/peter-pan-1-2/peter-pan-1-th-en-720p-fwtv.m4v/playlist.m3u8",
        "referer": "https://fw4free.com/"
    },
    {
        "name": "Peter Pan ปีเตอร์ แพน [ 1-2 ]",
        "info": "ภาค2",
        "image": "https://img.fw4free.com/postor/20191114141951Peter Pan ปีเตอร์ แพน [ 1-2 ].jpg",
        "subtitle": "https://pastebin.com/raw/XjDpyhzb",
        "url": "https://m1free.inwstream.com:1936/movie1/peter-pan-1-2/peter-pan-2-th-en-720p-fwtv.m4v/playlist.m3u8",
        "referer": "https://fw4free.com/"
    },
    {
        "name": "Detective Conan: The Time Bombed Skyscraper ยอดนักสืบจิ๋วโคนัน เดอะมูฟวี่ 1: คดีปริศนาระเบิดระฟ้า (1997)",
        "info": "พากย์ไทย",
        "image": "https://img.fw4free.com/postor/202504041016575RB171WScK3nh4PqoRn8bj3iNLa.jpg",
        "subtitle": "https://pastebin.com/raw/XjDpyhzb",
        "url": "https://m1free.inwstream.com:1936/movie3/Detective_Conan_the_Movie_The_Time_Bombed_Skyscraper_1997/Detective_Conan_the_Movie_The_Time_Bombed_Skyscraper_1997_TH_1080p.mp4/playlist.m3u8",
        "referer": "https://fw4free.com/"
    },
    {
        "name": "Detective Conan: The Time Bombed Skyscraper ยอดนักสืบจิ๋วโคนัน เดอะมูฟวี่ 1: คดีปริศนาระเบิดระฟ้า (1997)",
        "info": "บรรยายไทย",
        "image": "https://img.fw4free.com/postor/202504041016575RB171WScK3nh4PqoRn8bj3iNLa.jpg",
        "subtitle": "https://pastebin.com/raw/XjDpyhzb",
        "url": "https://m1free.inwstream.com:1936/movie3/Detective_Conan_the_Movie_The_Time_Bombed_Skyscraper_1997/Detective_Conan_the_Movie_The_Time_Bombed_Skyscraper_1997_ST_1080p.mp4/playlist.m3u8",
        "referer": "https://fw4free.com/"
    },
    {
        "name": "Detective Conan: Sunflowers of Inferno ยอดนักสืบจิ๋วโคนัน เดอะมูฟวี่ 19: ปริศนาทานตะวันมรณะ (2015)",
        "info": "พากย์ไทย",
        "image": "https://img.fw4free.com/postor/20250404095722tbm0KWDjkPaFSRA9ynpszUPTF77.jpg",
        "subtitle": "https://pastebin.com/raw/XjDpyhzb",
        "url": "https://m1free.inwstream.com:1936/movie3/Detective_Conan_the_Movie_Sunflowers_of_Inferno_2015/Detective_Conan_the_Movie_Sunflowers_of_Inferno_2015_TH_1080p.mp4/playlist.m3u8",
        "referer": "https://fw4free.com/"
    },
    {
        "name": "Detective Conan: Sunflowers of Inferno ยอดนักสืบจิ๋วโคนัน เดอะมูฟวี่ 19: ปริศนาทานตะวันมรณะ (2015)",
        "info": "บรรยายไทย",
        "image": "https://img.fw4free.com/postor/20250404095722tbm0KWDjkPaFSRA9ynpszUPTF77.jpg",
        "subtitle": "https://pastebin.com/raw/XjDpyhzb",
        "url": "https://m1free.inwstream.com:1936/movie3/Detective_Conan_the_Movie_Sunflowers_of_Inferno_2015/Detective_Conan_the_Movie_Sunflowers_of_Inferno_2015_ST_1080p.mp4/playlist.m3u8",
        "referer": "https://fw4free.com/"
    },
    {
        "name": "Detective Conan The Movie: The Crimson Love Letter ยอดนักสืบจิ๋วโคนัน เดอะมูฟวี่ 21: ปริศนาเพลงกลอนซ่อนรัก (2017)",
        "info": "พากย์ไทย",
        "image": "https://img.fw4free.com/postor/202504040931587tulrto9RCvIoLdp7xQuADVmTk2.jpg",
        "subtitle": "https://pastebin.com/raw/XjDpyhzb",
        "url": "https://m1free.inwstream.com:1936/movie3/Detective_Conan_the_Movie_The_Crimson_Love_Letter_2017/Detective_Conan_the_Movie_The_Crimson_Love_Letter_2017_TH_1080p.mp4/playlist.m3u8",
        "referer": "https://fw4free.com/"
    },
    {
        "name": "Detective Conan The Movie: The Crimson Love Letter ยอดนักสืบจิ๋วโคนัน เดอะมูฟวี่ 21: ปริศนาเพลงกลอนซ่อนรัก (2017)",
        "info": "บรรยายไทย",
        "image": "https://img.fw4free.com/postor/202504040931587tulrto9RCvIoLdp7xQuADVmTk2.jpg",
        "subtitle": "https://pastebin.com/raw/XjDpyhzb",
        "url": "https://m1free.inwstream.com:1936/movie3/Detective_Conan_the_Movie_The_Crimson_Love_Letter_2017/Detective_Conan_the_Movie_The_Crimson_Love_Letter_2017_ST_1080p.mp4/playlist.m3u8",
        "referer": "https://fw4free.com/"
    },
    {
        "name": "Detective Conan: Crossroad in the Ancient Capital ยอดนักสืบจิ๋วโคนัน เดอะมูฟวี่ 7: คดีฆาตกรรมแห่งเมืองปริศนา (2003)",
        "info": "พากย์ไทย",
        "image": "https://img.fw4free.com/postor/20250404091322id1Df1TwjqdrHWrxksTBgTobY5c.jpg",
        "subtitle": "https://pastebin.com/raw/XjDpyhzb",
        "url": "https://m1free.inwstream.com:1936/movie3/Detective_Conan_the_Movie_Crossroad_in_the_Ancient_Capital_2003/Detective_Conan_the_Movie_Crossroad_in_the_Ancient_Capital_2003_TH_1080p.mp4/playlist.m3u8",
        "referer": "https://fw4free.com/"
    },
    {
        "name": "Detective Conan: Crossroad in the Ancient Capital ยอดนักสืบจิ๋วโคนัน เดอะมูฟวี่ 7: คดีฆาตกรรมแห่งเมืองปริศนา (2003)",
        "info": "บรรยายไทย",
        "image": "https://img.fw4free.com/postor/20250404091322id1Df1TwjqdrHWrxksTBgTobY5c.jpg",
        "subtitle": "https://pastebin.com/raw/XjDpyhzb",
        "url": "https://m1free.inwstream.com:1936/movie3/Detective_Conan_the_Movie_Crossroad_in_the_Ancient_Capital_2003/Detective_Conan_the_Movie_Crossroad_in_the_Ancient_Capital_2003_ST_1080p.mp4/playlist.m3u8",
        "referer": "https://fw4free.com/"
    },
    {
        "name": "Detective Conan: The Last Wizard of the Century ยอดนักสืบจิ๋วโคนัน เดอะมูฟวี่ 3: ปริศนาพ่อมดคนสุดท้ายแห่งศตวรรษ (1999)",
        "info": "พากย์ไทย",
        "image": "https://img.fw4free.com/postor/20250404085638q2v6JmGMVQR0UhUirXuuzXUcAnN.jpg",
        "subtitle": "https://pastebin.com/raw/XjDpyhzb",
        "url": "https://m1free.inwstream.com:1936/movie3/Detective_Conan_the_Movie_The_Last_Wizard_of_the_Century_1999/Detective_Conan_the_Movie_The_Last_Wizard_of_the_Century_1999_TH_1080p.mp4/playlist.m3u8",
        "referer": "https://fw4free.com/"
    },
    {
        "name": "Detective Conan: The Last Wizard of the Century ยอดนักสืบจิ๋วโคนัน เดอะมูฟวี่ 3: ปริศนาพ่อมดคนสุดท้ายแห่งศตวรรษ (1999)",
        "info": "บรรยายไทย",
        "image": "https://img.fw4free.com/postor/20250404085638q2v6JmGMVQR0UhUirXuuzXUcAnN.jpg",
        "subtitle": "https://pastebin.com/raw/XjDpyhzb",
        "url": "https://m1free.inwstream.com:1936/movie3/Detective_Conan_the_Movie_The_Last_Wizard_of_the_Century_1999/Detective_Conan_the_Movie_The_Last_Wizard_of_the_Century_1999_ST_1080p.mp4/playlist.m3u8",
        "referer": "https://fw4free.com/"
    },
    {
        "name": "The King of Pigs (2011)",
        "info": "บรรยายไทย",
        "image": "https://img.fw4free.com/postor/20250328204320o93tMT3eyeOXBZ8F8TiGQWUq3Ta.jpg",
        "subtitle": "https://pastebin.com/raw/XjDpyhzb",
        "url": "https://m1free.inwstream.com:1936/movie4/The_King_of_Pigs_2011/The_King_of_Pigs_2011_st_1080.mp4/playlist.m3u8",
        "referer": "https://fw4free.com/"
    },
    {
        "name": "Dongeng Sang Kancil กวางน้อยผู้กล้าหาญ (2024)",
        "info": "บรรยายไทย",
        "image": "https://img.fw4free.com/postor/20250327080529m1X8iZWhe5zhcOQQAHGkcN9IsTS.jpg",
        "subtitle": "https://pastebin.com/raw/XjDpyhzb",
        "url": "https://m1free.inwstream.com:1936/movie4/Dongeng_Sang_Kancil_2024/Dongeng_Sang_Kancil_2024_ST_1080p.mp4/playlist.m3u8",
        "referer": "https://fw4free.com/"
    },
    {
        "name": "Trapezium ทราเปเซียม (2024)",
        "info": "บรรยายไทย",
        "image": "https://img.fw4free.com/postor/20250318044835eZCmOxnnwrQjEU5s0CGZHUOqkLV.jpg",
        "subtitle": "https://pastebin.com/raw/XjDpyhzb",
        "url": "https://m1free.inwstream.com:1936/movie4/Trapezium_2024/Trapezium_2024_st_1080.mp4/playlist.m3u8",
        "referer": "https://fw4free.com/"
    },
    {
        "name": "Moana 2 โมอาน่า 2 (2024)",
        "info": "พากย์ไทย",
        "image": "https://img.fw4free.com/postor/202412041532564YZpsylmjHbqeWzjKpUEF8gcLNW.jpg",
        "subtitle": "https://pastebin.com/raw/XjDpyhzb",
        "url": "https://m1free.inwstream.com:1936/movie4/Moana_2_2024/Moana_2_2024_th_1080_F.mp4/playlist.m3u8",
        "referer": "https://fw4free.com/"
    },
    {
        "name": "Moana 2 โมอาน่า 2 (2024)",
        "info": "บรรยายไทย",
        "image": "https://img.fw4free.com/postor/202412041532564YZpsylmjHbqeWzjKpUEF8gcLNW.jpg",
        "subtitle": "https://pastebin.com/raw/XjDpyhzb",
        "url": "https://m1free.inwstream.com:1936/movie4/Moana_2_2024/Moana_2_2024_st_1080_F.mp4/playlist.m3u8",
        "referer": "https://fw4free.com/"
    },
    {
        "name": "Plankton: The Movie แพลงค์ตอน เดอะ มูฟวี่ (2025)",
        "info": "พากย์ไทย",
        "image": "https://img.fw4free.com/postor/20250307173220iqQw58Cbgh5r7XRYUZpJPDPQD0m.jpg",
        "subtitle": "https://pastebin.com/raw/XjDpyhzb",
        "url": "https://m1free.inwstream.com:1936/movie4/Plankton_The_Movie_2025/Plankton_The_Movie_2025_TH_1080p.mp4/playlist.m3u8",
        "referer": "https://fw4free.com/"
    },
    {
        "name": "Plankton: The Movie แพลงค์ตอน เดอะ มูฟวี่ (2025)",
        "info": "บรรยายไทย",
        "image": "https://img.fw4free.com/postor/20250307173220iqQw58Cbgh5r7XRYUZpJPDPQD0m.jpg",
        "subtitle": "https://pastebin.com/raw/XjDpyhzb",
        "url": "https://m1free.inwstream.com:1936/movie4/Plankton_The_Movie_2025/Plankton_The_Movie_2025_EN_1080p.mp4/playlist.m3u8",
        "referer": "https://fw4free.com/"
    },
    {
        "name": "Frozen Fever โฟรเซ่น ฟีเวอร์ (2015)",
        "info": "พากย์ไทย",
        "image": "https://img.fw4free.com/postor/20250307154241mPrDJ7puYzPLG5kPM96iNszF2sM.jpg",
        "subtitle": "https://pastebin.com/raw/XjDpyhzb",
        "url": "https://m1free.inwstream.com:1936/movie4/Frozen_Fever_2015/Frozen_Fever_2015_th_1080.mp4/playlist.m3u8",
        "referer": "https://fw4free.com/"
    },
    {
        "name": "Barbie and Teresa: Recipe for Friendship บาร์บี้กับเทรีซ่า: สูตรสำหรับมิตรภาพ (2025)",
        "info": "พากย์ไทย",
        "image": "https://img.fw4free.com/postor/20250306160650uDVsBMUE3QI0lZE44vfqpIojqRg.jpg",
        "subtitle": "https://pastebin.com/raw/XjDpyhzb",
        "url": "https://m1free.inwstream.com:1936/movie4/Barbie_and_Teresa_Recipe_for_Friendship_2025/Barbie_and_Teresa_Recipe_for_Friendship_2025_TH_1080p.mp4/playlist.m3u8",
        "referer": "https://fw4free.com/"
    },
    {
        "name": "Barbie and Teresa: Recipe for Friendship บาร์บี้กับเทรีซ่า: สูตรสำหรับมิตรภาพ (2025)",
        "info": "บรรยายไทย",
        "image": "https://img.fw4free.com/postor/20250306160650uDVsBMUE3QI0lZE44vfqpIojqRg.jpg",
        "subtitle": "https://pastebin.com/raw/XjDpyhzb",
        "url": "https://m1free.inwstream.com:1936/movie4/Barbie_and_Teresa_Recipe_for_Friendship_2025/Barbie_and_Teresa_Recipe_for_Friendship_2025_EN_1080p.mp4/playlist.m3u8",
        "referer": "https://fw4free.com/"
    },
    {
        "name": "Frozen ผจญภัยแดนคำสาปราชินีหิมะ (2013)",
        "info": "พากย์ไทย",
        "image": "https://img.fw4free.com/postor/20250306112010mbPrrbt8bSLcHSBCHnRclPlMZPl.jpg",
        "subtitle": "https://pastebin.com/raw/XjDpyhzb",
        "url": "https://m1free.inwstream.com:1936/movie4/Frozen_2013/Frozen_2013_th_1080_F.mp4/playlist.m3u8",
        "referer": "https://fw4free.com/"
    },
    {
        "name": "Frozen ผจญภัยแดนคำสาปราชินีหิมะ (2013)",
        "info": "บรรยายไทย",
        "image": "https://img.fw4free.com/postor/20250306112010mbPrrbt8bSLcHSBCHnRclPlMZPl.jpg",
        "subtitle": "https://pastebin.com/raw/XjDpyhzb",
        "url": "https://m1free.inwstream.com:1936/movie4/Frozen_2013/Frozen_2013_st_1080_F.mp4/playlist.m3u8",
        "referer": "https://fw4free.com/"
    }
]