[
    {
        "name": "I'm Your Venus ฉันคือวีนัส (2024)",
        "info": "บรรยายไทย",
        "image": "https://img.fw4free.com/postor/20250625083919dzvEPrSJGyVAdUdOBzVniym3XQI.jpg",
        "subtitle": "https://pastebin.com/raw/XjDpyhzb",
        "url": "https://m1free.inwstream.com:1936/movie4/I_m_Your_Venus_2024/I_m_Your_Venus_2024_EN_1080p.mp4/playlist.m3u8",
        "referer": "https://fw4free.com/"
    },
    {
        "name": "The Brutalist เดอะ บรูทัลลิสต์ (2024)",
        "info": "พากย์ไทย",
        "image": "https://img.fw4free.com/postor/20250408143445b0dyZlvVQml1KgQpJQbA5osr5c8.jpg",
        "subtitle": "https://pastebin.com/raw/XjDpyhzb",
        "url": "https://m1free.inwstream.com:1936/movie4/The_Brutalist_2024/The_Brutalist_2024_TH_1080p.mp4/playlist.m3u8",
        "referer": "https://fw4free.com/"
    },
    {
        "name": "The Brutalist เดอะ บรูทัลลิสต์ (2024)",
        "info": "บรรยายไทย",
        "image": "https://img.fw4free.com/postor/20250408143445b0dyZlvVQml1KgQpJQbA5osr5c8.jpg",
        "subtitle": "https://pastebin.com/raw/XjDpyhzb",
        "url": "https://m1free.inwstream.com:1936/movie4/The_Brutalist_2024/The_Brutalist_2024_st_1080.mp4/playlist.m3u8",
        "referer": "https://fw4free.com/"
    },
    {
        "name": "Trainwreck: Poop Cruise อภิมหาวายป่วง: เรือสำราญอุนจิ (2025)",
        "info": "พากย์ไทย",
        "image": "https://img.fw4free.com/postor/20250624180302cyBad0YS15u3rgIGML56F59mPQv.jpg",
        "subtitle": "https://pastebin.com/raw/XjDpyhzb",
        "url": "https://m1free.inwstream.com:1936/movie4/Trainwreck_Poop_Cruise_2025/Trainwreck_Poop_Cruise_2025_TH_1080p.mp4/playlist.m3u8",
        "referer": "https://fw4free.com/"
    },
    {
        "name": "Trainwreck: Poop Cruise อภิมหาวายป่วง: เรือสำราญอุนจิ (2025)",
        "info": "บรรยายไทย",
        "image": "https://img.fw4free.com/postor/20250624180302cyBad0YS15u3rgIGML56F59mPQv.jpg",
        "subtitle": "https://pastebin.com/raw/XjDpyhzb",
        "url": "https://m1free.inwstream.com:1936/movie4/Trainwreck_Poop_Cruise_2025/Trainwreck_Poop_Cruise_2025_EN_1080p.mp4/playlist.m3u8",
        "referer": "https://fw4free.com/"
    },
    {
        "name": "Warfare (2025)",
        "info": "บรรยายไทย",
        "image": "https://img.fw4free.com/postor/20250624090407srj9rYrjefyWqkLc6l2xjTGeBGO.jpg",
        "subtitle": "https://pastebin.com/raw/XjDpyhzb",
        "url": "https://m1free.inwstream.com:1936/movie4/Warfare_2025/Warfare_2025_EN_1080p_T.mp4/playlist.m3u8",
        "referer": "https://fw4free.com/"
    },
    {
        "name": "Late Night with the Devil คืนนี้ผีมาคุย (2023)",
        "info": "พากย์ไทย",
        "image": "https://img.fw4free.com/postor/202506240857425qDbCRHO85UK8IaJDmRVhTzz3IX.jpg",
        "subtitle": "https://pastebin.com/raw/XjDpyhzb",
        "url": "https://m1free.inwstream.com:1936/movie3/Late_Night_with_the_Devil_2023/Late_Night_with_the_Devil_2023_TH_1080p.mp4/playlist.m3u8",
        "referer": "https://fw4free.com/"
    },
    {
        "name": "Late Night with the Devil คืนนี้ผีมาคุย (2023)",
        "info": "บรรยายไทย",
        "image": "https://img.fw4free.com/postor/202506240857425qDbCRHO85UK8IaJDmRVhTzz3IX.jpg",
        "subtitle": "https://pastebin.com/raw/XjDpyhzb",
        "url": "https://m1free.inwstream.com:1936/movie3/Late_Night_with_the_Devil_2023/Late_Night_with_the_Devil_2023_EN_1080p.mp4/playlist.m3u8",
        "referer": "https://fw4free.com/"
    },
    {
        "name": "Miller's Girl หลักสูตรร้อนซ่อนรัก (2024)",
        "info": "พากย์ไทย",
        "image": "https://img.fw4free.com/postor/20250624051550ieU0zUj7WhE0GrgpgofRH0sNjbI.jpg",
        "subtitle": "https://pastebin.com/raw/XjDpyhzb",
        "url": "https://m1free.inwstream.com:1936/movie4/Miller_s_Girl_2024/Miller_s_Girl_2024_th_1080.mp4/playlist.m3u8",
        "referer": "https://fw4free.com/"
    },
    {
        "name": "Miller's Girl หลักสูตรร้อนซ่อนรัก (2024)",
        "info": "บรรยายไทย",
        "image": "https://img.fw4free.com/postor/20250624051550ieU0zUj7WhE0GrgpgofRH0sNjbI.jpg",
        "subtitle": "https://pastebin.com/raw/XjDpyhzb",
        "url": "https://m1free.inwstream.com:1936/movie4/Miller_s_Girl_2024/Miller_s_Girl_2024_st_1080.mp4/playlist.m3u8",
        "referer": "https://fw4free.com/"
    },
    {
        "name": "Kraken คราเคน เลื้อยสยอง 20,000 โยชน์ (2025)",
        "info": "พากย์ไทย",
        "image": "https://img.fw4free.com/postor/20250621042408xpvXJtizCp0WuvgiV1hj3WgJZJf.jpg",
        "subtitle": "https://pastebin.com/raw/XjDpyhzb",
        "url": "https://m1free.inwstream.com:1936/movie4/Kraken_2025/Kraken_2025_th_1080_1.mp4/playlist.m3u8",
        "referer": "https://fw4free.com/"
    },
    {
        "name": "Kraken คราเคน เลื้อยสยอง 20,000 โยชน์ (2025)",
        "info": "บรรยายไทย",
        "image": "https://img.fw4free.com/postor/20250621042408xpvXJtizCp0WuvgiV1hj3WgJZJf.jpg",
        "subtitle": "https://pastebin.com/raw/XjDpyhzb",
        "url": "https://m1free.inwstream.com:1936/movie4/Kraken_2025/Kraken_2025_st_1080.mp4/playlist.m3u8",
        "referer": "https://fw4free.com/"
    },
    {
        "name": "Faust: Love of the Damned พันธุ์นรกครึ่งคน (2000)",
        "info": "พากย์ไทย",
        "image": "https://img.fw4free.com/postor/20250621042047yvmvjTInRSUJECmO462r5GbSMlH.jpg",
        "subtitle": "https://pastebin.com/raw/XjDpyhzb",
        "url": "https://m1free.inwstream.com:1936/movie4/Faust_Love_of_the_Damned_2000/Faust_Love_of_the_Damned_2000_th_1080.mp4/playlist.m3u8",
        "referer": "https://fw4free.com/"
    },
    {
        "name": "Faust: Love of the Damned พันธุ์นรกครึ่งคน (2000)",
        "info": "บรรยายไทย",
        "image": "https://img.fw4free.com/postor/20250621042047yvmvjTInRSUJECmO462r5GbSMlH.jpg",
        "subtitle": "https://pastebin.com/raw/XjDpyhzb",
        "url": "https://m1free.inwstream.com:1936/movie4/Faust_Love_of_the_Damned_2000/Faust_Love_of_the_Damned_2000_st_1080.mp4/playlist.m3u8",
        "referer": "https://fw4free.com/"
    },
    {
        "name": "Frozen: The Hit Broadway Musical (2025)",
        "info": "บรรยายไทย",
        "image": "https://img.fw4free.com/postor/2025062104073540scWHddXAuX2CL7CJOn5hUrdyQ.jpg",
        "subtitle": "https://pastebin.com/raw/XjDpyhzb",
        "url": "https://m1free.inwstream.com:1936/movie4/Frozen_The_Hit_Broadway_Musical_2025/Frozen_The_Hit_Broadway_Musical_2025_st_1080.mp4/playlist.m3u8",
        "referer": "https://fw4free.com/"
    },
    {
        "name": "Grenfell: Uncovered ค้นความจริงเหตุเพลิงไหม้เกรนเฟลล์ ทาวเวอร์ (2025)",
        "info": "บรรยายไทย",
        "image": "https://img.fw4free.com/postor/20250620154616MV5BNmI1NzI3ZWMtMGM0MC00NmE0LTk1YTgtMjk3MGU2OWRlZGQ0XkEyXkFqcGc@._V1_FMjpg_UX1000_.jpg",
        "subtitle": "https://pastebin.com/raw/XjDpyhzb",
        "url": "https://m1free.inwstream.com:1936/movie4/Grenfell_Uncovered_2025/Grenfell_Uncovered_2025_EN_1080p.mp4/playlist.m3u8",
        "referer": "https://fw4free.com/"
    },
    {
        "name": "Semi-Soeter เรื่องรักกึ่งหวาน งานนี้บานปลาย (2025)",
        "info": "บรรยายไทย",
        "image": "https://img.fw4free.com/postor/20250620152303xTJXvW3u16MwMwGYnG1k2R96zYS.jpg",
        "subtitle": "https://pastebin.com/raw/XjDpyhzb",
        "url": "https://m1free.inwstream.com:1936/movie4/Semi_Soeter_2025/Semi_Soeter_2025_ST_1080p.mp4/playlist.m3u8",
        "referer": "https://fw4free.com/"
    },
    {
        "name": "A King Like Me ราชาอย่างฉัน (2024)",
        "info": "บรรยายไทย",
        "image": "https://img.fw4free.com/postor/20250620090243dr9ouxc6vP7oF6loXKc9dISuezQ.jpg",
        "subtitle": "https://pastebin.com/raw/XjDpyhzb",
        "url": "https://m1free.inwstream.com:1936/movie4/A_King_Like_Me_2024/A_King_Like_Me_2024_EN_1080p.mp4/playlist.m3u8",
        "referer": "https://fw4free.com/"
    },
    {
        "name": "Final Destination Bloodlines ไฟนอล เดสติเนชั่น ทายาทโกงตาย (2025)",
        "info": "พากย์ไทย",
        "image": "https://img.fw4free.com/postor/202505222129306WxhEvFsauuACfv8HyoVX6mZKFj.jpg",
        "subtitle": "https://pastebin.com/raw/XjDpyhzb",
        "url": "https://m1free.inwstream.com:1936/movie4/Final_Destination_Bloodlines_2025/Final_Destination_Bloodlines_2025_th_1080.mp4/playlist.m3u8",
        "referer": "https://fw4free.com/"
    },
    {
        "name": "Final Destination Bloodlines ไฟนอล เดสติเนชั่น ทายาทโกงตาย (2025)",
        "info": "บรรยายไทย",
        "image": "https://img.fw4free.com/postor/202505222129306WxhEvFsauuACfv8HyoVX6mZKFj.jpg",
        "subtitle": "https://pastebin.com/raw/XjDpyhzb",
        "url": "https://m1free.inwstream.com:1936/movie4/Final_Destination_Bloodlines_2025/Final_Destination_Bloodlines_2025_st_1080.mp4/playlist.m3u8",
        "referer": "https://fw4free.com/"
    },
    {
        "name": "Trainwreck: Mayor of Mayhem อภิมหาวายป่วง: นายกเทศมนตรีแห่งความโกลาหล (2025)",
        "info": "พากย์ไทย",
        "image": "https://img.fw4free.com/postor/202506180830252IA1Q16FBDhMkvpBsHaihtx6c31.jpg",
        "subtitle": "https://pastebin.com/raw/XjDpyhzb",
        "url": "https://m1free.inwstream.com:1936/movie4/Trainwreck_Mayor_of_Mayhem_2025/Trainwreck_Mayor_of_Mayhem_2025_TH_1080p.mp4/playlist.m3u8",
        "referer": "https://fw4free.com/"
    },
    {
        "name": "Trainwreck: Mayor of Mayhem อภิมหาวายป่วง: นายกเทศมนตรีแห่งความโกลาหล (2025)",
        "info": "บรรยายไทย",
        "image": "https://img.fw4free.com/postor/202506180830252IA1Q16FBDhMkvpBsHaihtx6c31.jpg",
        "subtitle": "https://pastebin.com/raw/XjDpyhzb",
        "url": "https://m1free.inwstream.com:1936/movie4/Trainwreck_Mayor_of_Mayhem_2025/Trainwreck_Mayor_of_Mayhem_2025_EN_1080p.mp4/playlist.m3u8",
        "referer": "https://fw4free.com/"
    },
    {
        "name": "Latin Blood - The Ballad of Ney Matogrosso (Homem com H)",
        "info": "บรรยายไทย",
        "image": "https://img.fw4free.com/postor/20250618082532aY6RUi2npX3yUBLQulAuxgoVegs.jpg",
        "subtitle": "https://pastebin.com/raw/XjDpyhzb",
        "url": "https://m1free.inwstream.com:1936/movie4/Latin_Blood_The_Ballad_of_Ney_Matogrosso_2025/Latin_Blood_The_Ballad_of_Ney_Matogrosso_2025_ST_1080p.mp4/playlist.m3u8",
        "referer": "https://fw4free.com/"
    },
    {
        "name": "Scary Movie 5 ยำหนังจี้ เรียลลิตี้หลุดโลก (2013)",
        "info": "พากย์ไทย",
        "image": "https://img.fw4free.com/postor/202506172118109WNozxN2UVf7rA73FJBWdWJZhfP.jpg",
        "subtitle": "https://pastebin.com/raw/XjDpyhzb",
        "url": "https://m1free.inwstream.com:1936/movie4/Scary_Movie_5_2013/Scary_Movie_5_2013_th_1080.mp4/playlist.m3u8",
        "referer": "https://fw4free.com/"
    },
    {
        "name": "Scary Movie 5 ยำหนังจี้ เรียลลิตี้หลุดโลก (2013)",
        "info": "บรรยายไทย",
        "image": "https://img.fw4free.com/postor/202506172118109WNozxN2UVf7rA73FJBWdWJZhfP.jpg",
        "subtitle": "https://pastebin.com/raw/XjDpyhzb",
        "url": "https://m1free.inwstream.com:1936/movie4/Scary_Movie_5_2013/Scary_Movie_5_2013_st_1080.mp4/playlist.m3u8",
        "referer": "https://fw4free.com/"
    },
    {
        "name": "Scary Movie 4 ยำหนังจี้ หวีดล้างโลก (2006)",
        "info": "พากย์ไทย",
        "image": "https://img.fw4free.com/postor/20250617211303vL03Mk1ES5uo1ZdXovz6NtgsbSb.jpg",
        "subtitle": "https://pastebin.com/raw/XjDpyhzb",
        "url": "https://m1free.inwstream.com:1936/movie4/Scary_Movie_4_2006/Scary_Movie_4_2006_th_1080.mp4/playlist.m3u8",
        "referer": "https://fw4free.com/"
    },
    {
        "name": "Scary Movie 4 ยำหนังจี้ หวีดล้างโลก (2006)",
        "info": "บรรยายไทย",
        "image": "https://img.fw4free.com/postor/20250617211303vL03Mk1ES5uo1ZdXovz6NtgsbSb.jpg",
        "subtitle": "https://pastebin.com/raw/XjDpyhzb",
        "url": "https://m1free.inwstream.com:1936/movie4/Scary_Movie_4_2006/Scary_Movie_4_2006_st_1080.mp4/playlist.m3u8",
        "referer": "https://fw4free.com/"
    },
    {
        "name": "Scary Movie 3 สยองหวีดจี้ ดีจังหว่า (2003)",
        "info": "พากย์ไทย",
        "image": "https://img.fw4free.com/postor/20250617210426A6t3OUc1PSb7Tyvsinh9vJA1HlL.jpg",
        "subtitle": "https://pastebin.com/raw/XjDpyhzb",
        "url": "https://m1free.inwstream.com:1936/movie4/Scary_Movie_3_2003/Scary_Movie_3_2003_th_1080.mp4/playlist.m3u8",
        "referer": "https://fw4free.com/"
    },
    {
        "name": "Scary Movie 3 สยองหวีดจี้ ดีจังหว่า (2003)",
        "info": "บรรยายไทย",
        "image": "https://img.fw4free.com/postor/20250617210426A6t3OUc1PSb7Tyvsinh9vJA1HlL.jpg",
        "subtitle": "https://pastebin.com/raw/XjDpyhzb",
        "url": "https://m1free.inwstream.com:1936/movie4/Scary_Movie_3_2003/Scary_Movie_3_2003_st_1080.mp4/playlist.m3u8",
        "referer": "https://fw4free.com/"
    },
    {
        "name": "Scary Movie 2 หวีด(อีกสักที)",
        "info": "พากย์ไทย",
        "image": "https://img.fw4free.com/postor/202506172058597Eb1JWK0Cb0rbfsYjwfc9g0PbQH.jpg",
        "subtitle": "https://pastebin.com/raw/XjDpyhzb",
        "url": "https://m1free.inwstream.com:1936/movie4/Scary_Movie_2_2001/Scary_Movie_2_2001_th_1080.mp4/playlist.m3u8",
        "referer": "https://fw4free.com/"
    },
    {
        "name": "Scary Movie 2 หวีด(อีกสักที)",
        "info": "บรรยายไทย",
        "image": "https://img.fw4free.com/postor/202506172058597Eb1JWK0Cb0rbfsYjwfc9g0PbQH.jpg",
        "subtitle": "https://pastebin.com/raw/XjDpyhzb",
        "url": "https://m1free.inwstream.com:1936/movie4/Scary_Movie_2_2001/Scary_Movie_2_2001_st_1080.mp4/playlist.m3u8",
        "referer": "https://fw4free.com/"
    },
    {
        "name": "Scary Movie ยำหนังจี้​ หวีดดีไหมหว่า? (2000)",
        "info": "พากย์ไทย",
        "image": "https://img.fw4free.com/postor/202506172050412HWf4Z7zUqg5QtXow0IoS2ci7X9.jpg",
        "subtitle": "https://pastebin.com/raw/XjDpyhzb",
        "url": "https://m1free.inwstream.com:1936/movie4/Scary_Movie_2000/Scary_Movie_2000_th_1080.mp4/playlist.m3u8",
        "referer": "https://fw4free.com/"
    },
    {
        "name": "Scary Movie ยำหนังจี้​ หวีดดีไหมหว่า? (2000)",
        "info": "บรรยายไทย",
        "image": "https://img.fw4free.com/postor/202506172050412HWf4Z7zUqg5QtXow0IoS2ci7X9.jpg",
        "subtitle": "https://pastebin.com/raw/XjDpyhzb",
        "url": "https://m1free.inwstream.com:1936/movie4/Scary_Movie_2000/Scary_Movie_2000_st_1080.mp4/playlist.m3u8",
        "referer": "https://fw4free.com/"
    },
    {
        "name": "Studio 666 (2022)",
        "info": "พากย์ไทย",
        "image": "https://img.fw4free.com/postor/20220428042846zD2XyaV6eGEEgEzVnjg0hQVR5yz.jpg",
        "subtitle": "https://pastebin.com/raw/XjDpyhzb",
        "url": "https://m1free.inwstream.com:1936/movie3/Studio_666_2022/Studio_666_2022_TH_1080p.mp4/playlist.m3u8",
        "referer": "https://fw4free.com/"
    },
    {
        "name": "Studio 666 (2022)",
        "info": "บรรยายไทย",
        "image": "https://img.fw4free.com/postor/20220428042846zD2XyaV6eGEEgEzVnjg0hQVR5yz.jpg",
        "subtitle": "https://pastebin.com/raw/XjDpyhzb",
        "url": "https://m1free.inwstream.com:1936/movie3/Studio_666_2022/Studio_666_2022_en_5_1_1080p.mp4/playlist.m3u8",
        "referer": "https://fw4free.com/"
    },
    {
        "name": "The Exorcism ดิ เอ็กซอร์ซิสม์ นรก สิง สาป (2024)",
        "info": "พากย์ไทย",
        "image": "https://img.fw4free.com/postor/20250616121457v4PgVcOne2sumkyOK8O7BKB9PWX.jpg",
        "subtitle": "https://pastebin.com/raw/XjDpyhzb",
        "url": "https://m1free.inwstream.com:1936/movie4/The_Exorcism_2024/The_Exorcism_2024_TH_1080p.mp4/playlist.m3u8",
        "referer": "https://fw4free.com/"
    },
    {
        "name": "The Exorcism ดิ เอ็กซอร์ซิสม์ นรก สิง สาป (2024)",
        "info": "บรรยายไทย",
        "image": "https://img.fw4free.com/postor/20250616121457v4PgVcOne2sumkyOK8O7BKB9PWX.jpg",
        "subtitle": "https://pastebin.com/raw/XjDpyhzb",
        "url": "https://m1free.inwstream.com:1936/movie4/The_Exorcism_2024/The_Exorcism_2024_EN_1080p.mp4/playlist.m3u8",
        "referer": "https://fw4free.com/"
    },
    {
        "name": "The Experiment คุกทมิฬ (2010)",
        "info": "พากย์ไทย",
        "image": "https://img.fw4free.com/postor/20250615230403zy6hJYii2PJfMRoUBlULhfuLsgL.jpg",
        "subtitle": "https://pastebin.com/raw/XjDpyhzb",
        "url": "https://m1free.inwstream.com:1936/movie4/The_Experiment_2010/The_Experiment_2010_th_1080.mp4/playlist.m3u8",
        "referer": "https://fw4free.com/"
    },
    {
        "name": "The Experiment คุกทมิฬ (2010)",
        "info": "บรรยายไทย",
        "image": "https://img.fw4free.com/postor/20250615230403zy6hJYii2PJfMRoUBlULhfuLsgL.jpg",
        "subtitle": "https://pastebin.com/raw/XjDpyhzb",
        "url": "https://m1free.inwstream.com:1936/movie4/The_Experiment_2010/The_Experiment_2010_st_1080.mp4/playlist.m3u8",
        "referer": "https://fw4free.com/"
    },
    {
        "name": "Dirty Angels นางฟ้าพันธุ์ดุ (2024)",
        "info": "พากย์ไทย",
        "image": "https://img.fw4free.com/postor/202503282047443O3qSGmjRGc10hMwFul8WDxKE5t.jpg",
        "subtitle": "https://pastebin.com/raw/XjDpyhzb",
        "url": "https://m1free.inwstream.com:1936/movie4/Dirty_Angels_2024/Dirty_Angels_2024_th_1080.mp4/playlist.m3u8",
        "referer": "https://fw4free.com/"
    },
    {
        "name": "Dirty Angels นางฟ้าพันธุ์ดุ (2024)",
        "info": "บรรยายไทย",
        "image": "https://img.fw4free.com/postor/202503282047443O3qSGmjRGc10hMwFul8WDxKE5t.jpg",
        "subtitle": "https://pastebin.com/raw/XjDpyhzb",
        "url": "https://m1free.inwstream.com:1936/movie4/Dirty_Angels_2024/Dirty_Angels_2024_st_1080.mp4/playlist.m3u8",
        "referer": "https://fw4free.com/"
    },
    {
        "name": "Hostel นรกรอชำแหละ (2005)",
        "info": "พากย์ไทย",
        "image": "https://img.fw4free.com/postor/20250614193148tzrqbj6nj4ylDVjrcUcoAmFyzvE.jpg",
        "subtitle": "https://pastebin.com/raw/XjDpyhzb",
        "url": "https://m1free.inwstream.com:1936/movie4/Hostel_2005/Hostel_2005_th_1080.mp4/playlist.m3u8",
        "referer": "https://fw4free.com/"
    },
    {
        "name": "Hostel นรกรอชำแหละ (2005)",
        "info": "บรรยายไทย",
        "image": "https://img.fw4free.com/postor/20250614193148tzrqbj6nj4ylDVjrcUcoAmFyzvE.jpg",
        "subtitle": "https://pastebin.com/raw/XjDpyhzb",
        "url": "https://m1free.inwstream.com:1936/movie4/Hostel_2005/Hostel_2005_st_1080.mp4/playlist.m3u8",
        "referer": "https://fw4free.com/"
    },
    {
        "name": "Echo Valley (2025)",
        "info": "บรรยายไทย",
        "image": "https://img.fw4free.com/postor/202506140854373Ey3HuqZdrx1rfxRkfiOXDFtvtl.jpg",
        "subtitle": "https://pastebin.com/raw/XjDpyhzb",
        "url": "https://m1free.inwstream.com:1936/movie4/Echo_Valley_2025/Echo_Valley_2025_EN_1080p.mp4/playlist.m3u8",
        "referer": "https://fw4free.com/"
    },
    {
        "name": "Deep Cover ภารกิจด้นสด ปลดล็อกสกิลรั่ว (2025)",
        "info": "พากย์ไทย",
        "image": "https://img.fw4free.com/postor/202506130859001vXTHTbSQJs9r2hp4Uk08XzKwPp.jpg",
        "subtitle": "https://pastebin.com/raw/XjDpyhzb",
        "url": "https://m1free.inwstream.com:1936/movie4/Deep_Cover_2025/Deep_Cover_2025_TH_1080p.mp4/playlist.m3u8",
        "referer": "https://fw4free.com/"
    },
    {
        "name": "Deep Cover ภารกิจด้นสด ปลดล็อกสกิลรั่ว (2025)",
        "info": "บรรยายไทย",
        "image": "https://img.fw4free.com/postor/202506130859001vXTHTbSQJs9r2hp4Uk08XzKwPp.jpg",
        "subtitle": "https://pastebin.com/raw/XjDpyhzb",
        "url": "https://m1free.inwstream.com:1936/movie4/Deep_Cover_2025/Deep_Cover_2025_EN_1080p.mp4/playlist.m3u8",
        "referer": "https://fw4free.com/"
    },
    {
        "name": "Hostel: Part III นรกรอชำแหละ 3 (2011)",
        "info": "พากย์ไทย",
        "image": "https://img.fw4free.com/postor/20250612180629ieO49ludO6DxRVV8u1LKMjtrDLN.jpg",
        "subtitle": "https://pastebin.com/raw/XjDpyhzb",
        "url": "https://m1free.inwstream.com:1936/movie4/Hostel_Part_III_2011/Hostel_Part_III_2011_th_1080.mp4/playlist.m3u8",
        "referer": "https://fw4free.com/"
    },
    {
        "name": "Hostel: Part III นรกรอชำแหละ 3 (2011)",
        "info": "บรรยายไทย",
        "image": "https://img.fw4free.com/postor/20250612180629ieO49ludO6DxRVV8u1LKMjtrDLN.jpg",
        "subtitle": "https://pastebin.com/raw/XjDpyhzb",
        "url": "https://m1free.inwstream.com:1936/movie4/Hostel_Part_III_2011/Hostel_Part_III_2011_st_1080.mp4/playlist.m3u8",
        "referer": "https://fw4free.com/"
    },
    {
        "name": "Hostel: Part II นรกรอชำแหละ 2 (2007)",
        "info": "พากย์ไทย",
        "image": "https://img.fw4free.com/postor/20250612180125vKzW1zixWWwvmPipevcetxsCmKA.jpg",
        "subtitle": "https://pastebin.com/raw/XjDpyhzb",
        "url": "https://m1free.inwstream.com:1936/movie4/Hostel_Part_II_2007/Hostel_Part_II_2007_th_1080.mp4/playlist.m3u8",
        "referer": "https://fw4free.com/"
    },
    {
        "name": "Hostel: Part II นรกรอชำแหละ 2 (2007)",
        "info": "บรรยายไทย",
        "image": "https://img.fw4free.com/postor/20250612180125vKzW1zixWWwvmPipevcetxsCmKA.jpg",
        "subtitle": "https://pastebin.com/raw/XjDpyhzb",
        "url": "https://m1free.inwstream.com:1936/movie4/Hostel_Part_II_2007/Hostel_Part_II_2007_st_1080.mp4/playlist.m3u8",
        "referer": "https://fw4free.com/"
    },
    {
        "name": "My Old Ass เชื่อตัวเองดีที่สุด! (ไหมนะ)",
        "info": "พากย์ไทย",
        "image": "https://img.fw4free.com/postor/202506120801217zwM82MEilz58jgLZJTHcF4aY8S.jpg",
        "subtitle": "https://pastebin.com/raw/XjDpyhzb",
        "url": "https://m1free.inwstream.com:1936/movie4/My_Old_Ass_2024/My_Old_Ass_2024_TH_1080p.mp4/playlist.m3u8",
        "referer": "https://fw4free.com/"
    },
    {
        "name": "My Old Ass เชื่อตัวเองดีที่สุด! (ไหมนะ)",
        "info": "บรรยายไทย",
        "image": "https://img.fw4free.com/postor/202506120801217zwM82MEilz58jgLZJTHcF4aY8S.jpg",
        "subtitle": "https://pastebin.com/raw/XjDpyhzb",
        "url": "https://m1free.inwstream.com:1936/movie4/My_Old_Ass_2024/My_Old_Ass_2024_EN_1080p.mp4/playlist.m3u8",
        "referer": "https://fw4free.com/"
    },
    {
        "name": "Our Friend สุขทุกข์ เพื่อนเราไม่ห่างกัน (2019)",
        "info": "พากย์ไทย",
        "image": "https://img.fw4free.com/postor/20250611184209vg9C5LttsKBqoLuqeQvOXaeBGiD.jpg",
        "subtitle": "https://pastebin.com/raw/XjDpyhzb",
        "url": "https://m1free.inwstream.com:1936/movie3/Our_Friend_2019/Our_Friend_2019_th_1080.mp4/playlist.m3u8",
        "referer": "https://fw4free.com/"
    },
    {
        "name": "Our Friend สุขทุกข์ เพื่อนเราไม่ห่างกัน (2019)",
        "info": "บรรยายไทย",
        "image": "https://img.fw4free.com/postor/20250611184209vg9C5LttsKBqoLuqeQvOXaeBGiD.jpg",
        "subtitle": "https://pastebin.com/raw/XjDpyhzb",
        "url": "https://m1free.inwstream.com:1936/movie3/Our_Friend_2019/Our_Friend_2019_st_1080.mp4/playlist.m3u8",
        "referer": "https://fw4free.com/"
    },
    {
        "name": "Cheers to Life (Viva a Vida)",
        "info": "พากย์ไทย",
        "image": "https://img.fw4free.com/postor/20250611171234505256869_122195551424277025_703780616846666898_n.jpg",
        "subtitle": "https://pastebin.com/raw/XjDpyhzb",
        "url": "https://m1free.inwstream.com:1936/movie4/Cheers_to_Life_2024/Cheers_to_Life_2024_TH_1080p.mp4/playlist.m3u8",
        "referer": "https://fw4free.com/"
    },
    {
        "name": "Cheers to Life (Viva a Vida)",
        "info": "บรรยายไทย",
        "image": "https://img.fw4free.com/postor/20250611171234505256869_122195551424277025_703780616846666898_n.jpg",
        "subtitle": "https://pastebin.com/raw/XjDpyhzb",
        "url": "https://m1free.inwstream.com:1936/movie4/Cheers_to_Life_2024/Cheers_to_Life_2024_ST_1080p.mp4/playlist.m3u8",
        "referer": "https://fw4free.com/"
    },
    {
        "name": "Our Times (Nuestros Tiempos)",
        "info": "บรรยายไทย",
        "image": "https://img.fw4free.com/postor/20250611170229t0AEaR2N7ZqMJuROWTYShOOkm3o.jpg",
        "subtitle": "https://pastebin.com/raw/XjDpyhzb",
        "url": "https://m1free.inwstream.com:1936/movie4/Our_Times_2025/Our_Times_2025_ST_1080p.mp4/playlist.m3u8",
        "referer": "https://fw4free.com/"
    },
    {
        "name": "Titan: The OceanGate Disaster วิบัติโอเชียนเกต (2025)",
        "info": "บรรยายไทย",
        "image": "https://img.fw4free.com/postor/20250611160508mSVJI9P5UmvOLZVTH8sAtlgxsgy.jpg",
        "subtitle": "https://pastebin.com/raw/XjDpyhzb",
        "url": "https://m1free.inwstream.com:1936/movie4/Titan_The_OceanGate_Disaster_2025/Titan_The_OceanGate_Disaster_2025_EN_1080p.mp4/playlist.m3u8",
        "referer": "https://fw4free.com/"
    },
    {
        "name": "Snow White สโนว์ไวท์ (2025)",
        "info": "พากย์ไทย",
        "image": "https://img.fw4free.com/postor/20250611155445oLxWocqheC8XbXbxqJ3x422j9PW.jpg",
        "subtitle": "https://pastebin.com/raw/XjDpyhzb",
        "url": "https://m1free.inwstream.com:1936/movie4/Snow_White_2025/Snow_White_2025_TH_1080p_1.mp4/playlist.m3u8",
        "referer": "https://fw4free.com/"
    },
    {
        "name": "Snow White สโนว์ไวท์ (2025)",
        "info": "บรรยายไทย",
        "image": "https://img.fw4free.com/postor/20250611155445oLxWocqheC8XbXbxqJ3x422j9PW.jpg",
        "subtitle": "https://pastebin.com/raw/XjDpyhzb",
        "url": "https://m1free.inwstream.com:1936/movie4/Snow_White_2025/Snow_White_2025_EN_1080p_1.mp4/playlist.m3u8",
        "referer": "https://fw4free.com/"
    },
    {
        "name": "The Four Feathers เกียรติศักดิ์นักรบคู่แผ่นดิน (2002)",
        "info": "บรรยายไทย",
        "image": "https://img.fw4free.com/postor/20250611103012bfmpeRr9LTXzBC2dpC89FE5uavK.jpg",
        "subtitle": "https://pastebin.com/raw/XjDpyhzb",
        "url": "https://m1free.inwstream.com:1936/movie4/The_Four_Feathers_2002/The_Four_Feathers_2002_EN_1080p.mp4/playlist.m3u8",
        "referer": "https://fw4free.com/"
    },
    {
        "name": "Trainwreck: The Astroworld Tragedy อภิมหาวายป่วง: โศกนาฏกรรมแอสโทรเวิลด์ (2025)",
        "info": "บรรยายไทย",
        "image": "https://img.fw4free.com/postor/20250611083732ouvMuuZEx1TAiq2F9rcFBwFdxp6.jpg",
        "subtitle": "https://pastebin.com/raw/XjDpyhzb",
        "url": "https://m1free.inwstream.com:1936/movie4/Trainwreck_The_Astroworld_Tragedy_2025/Trainwreck_The_Astroworld_Tragedy_2025_EN_1080p.mp4/playlist.m3u8",
        "referer": "https://fw4free.com/"
    },
    {
        "name": "All the Pretty Horses สุภาพบุรุษอาชา (2000)",
        "info": "บรรยายไทย",
        "image": "https://img.fw4free.com/postor/202506101022456E4E7wYXw1DE2321F2hVNryLSk7.jpg",
        "subtitle": "https://pastebin.com/raw/XjDpyhzb",
        "url": "https://m1free.inwstream.com:1936/movie4/All_the_Pretty_Horses_2000/All_the_Pretty_Horses_2000_EN_1080p.mp4/playlist.m3u8",
        "referer": "https://fw4free.com/"
    },
    {
        "name": "Broke ขุมเยือกแข็ง (2025)",
        "info": "บรรยายไทย",
        "image": "https://img.fw4free.com/postor/202506092103145RtialbsouT4IECGt8NpN7Zumsv.jpg",
        "subtitle": "https://pastebin.com/raw/XjDpyhzb",
        "url": "https://m1free.inwstream.com:1936/movie4/Broke_2025/Broke_2025_st_1080.mp4/playlist.m3u8",
        "referer": "https://fw4free.com/"
    },
    {
        "name": "The Alto Knights อัลโต ไนท์ส: ทรชนครองเมือง (2025)",
        "info": "พากย์ไทย",
        "image": "https://img.fw4free.com/postor/2025060919550595KmR0xNuZZ6DNESDwLKWGIBvMg.jpg",
        "subtitle": "https://pastebin.com/raw/XjDpyhzb",
        "url": "https://m1free.inwstream.com:1936/movie4/The_Alto_Knights_2025/The_Alto_Knights_2025_th_1080.mp4/playlist.m3u8",
        "referer": "https://fw4free.com/"
    },
    {
        "name": "The Alto Knights อัลโต ไนท์ส: ทรชนครองเมือง (2025)",
        "info": "บรรยายไทย",
        "image": "https://img.fw4free.com/postor/2025060919550595KmR0xNuZZ6DNESDwLKWGIBvMg.jpg",
        "subtitle": "https://pastebin.com/raw/XjDpyhzb",
        "url": "https://m1free.inwstream.com:1936/movie4/The_Alto_Knights_2025/The_Alto_Knights_2025_st_1080.mp4/playlist.m3u8",
        "referer": "https://fw4free.com/"
    },
    {
        "name": "Humane นี่นะเหรอ...มนุษยธรรม (2024)",
        "info": "พากย์ไทย",
        "image": "https://img.fw4free.com/postor/20250609194800ecOvKaoM1hwQbp0uTnULGrSV32e.jpg",
        "subtitle": "https://pastebin.com/raw/XjDpyhzb",
        "url": "https://m1free.inwstream.com:1936/movie4/Humane_2024/Humane_2024_th_1080.mp4/playlist.m3u8",
        "referer": "https://fw4free.com/"
    },
    {
        "name": "Humane นี่นะเหรอ...มนุษยธรรม (2024)",
        "info": "บรรยายไทย",
        "image": "https://img.fw4free.com/postor/20250609194800ecOvKaoM1hwQbp0uTnULGrSV32e.jpg",
        "subtitle": "https://pastebin.com/raw/XjDpyhzb",
        "url": "https://m1free.inwstream.com:1936/movie4/Humane_2024/Humane_2024_st_1080.mp4/playlist.m3u8",
        "referer": "https://fw4free.com/"
    },
    {
        "name": "Ocean with David Attenborough (2025)",
        "info": "บรรยายไทย",
        "image": "https://img.fw4free.com/postor/20250609103317zL4nDb0brgF99zLvpW43gL1EVnT.jpg",
        "subtitle": "https://pastebin.com/raw/XjDpyhzb",
        "url": "https://m1free.inwstream.com:1936/movie4/Ocean_with_David_Attenborough_2025/Ocean_with_David_Attenborough_2025_EN_1080p.mp4/playlist.m3u8",
        "referer": "https://fw4free.com/"
    },
    {
        "name": "Straw ฟางเส้นสุดท้าย (2025)",
        "info": "พากย์ไทย",
        "image": "https://img.fw4free.com/postor/20250606153800t3cmnXYtxJb9vVL1ThvT2CWSe1n.jpg",
        "subtitle": "https://pastebin.com/raw/XjDpyhzb",
        "url": "https://m1free.inwstream.com:1936/movie4/Straw_2025/Straw_2025_TH_1080p.mp4/playlist.m3u8",
        "referer": "https://fw4free.com/"
    },
    {
        "name": "Straw ฟางเส้นสุดท้าย (2025)",
        "info": "บรรยายไทย",
        "image": "https://img.fw4free.com/postor/20250606153800t3cmnXYtxJb9vVL1ThvT2CWSe1n.jpg",
        "subtitle": "https://pastebin.com/raw/XjDpyhzb",
        "url": "https://m1free.inwstream.com:1936/movie4/Straw_2025/Straw_2025_EN_1080p.mp4/playlist.m3u8",
        "referer": "https://fw4free.com/"
    },
    {
        "name": "K.O. น็อกเอาท์ (2025)",
        "info": "พากย์ไทย",
        "image": "https://img.fw4free.com/postor/20250606152701kXZIt6sSsWMgkyan0boj72WZlpt.jpg",
        "subtitle": "https://pastebin.com/raw/XjDpyhzb",
        "url": "https://m1free.inwstream.com:1936/movie4/K_O_2025/K_O_2025_TH_1080p.mp4/playlist.m3u8",
        "referer": "https://fw4free.com/"
    },
    {
        "name": "K.O. น็อกเอาท์ (2025)",
        "info": "บรรยายไทย",
        "image": "https://img.fw4free.com/postor/20250606152701kXZIt6sSsWMgkyan0boj72WZlpt.jpg",
        "subtitle": "https://pastebin.com/raw/XjDpyhzb",
        "url": "https://m1free.inwstream.com:1936/movie4/K_O_2025/K_O_2025_ST_1080p.mp4/playlist.m3u8",
        "referer": "https://fw4free.com/"
    },
    {
        "name": "Sideways ไซด์เวยส์ ดื่มชีวิต ข้างทาง (2004)",
        "info": "พากย์ไทย",
        "image": "https://img.fw4free.com/postor/20250606091445ERE8JdnKWbLGkhCpGUT68I7tNp.jpg",
        "subtitle": "https://pastebin.com/raw/XjDpyhzb",
        "url": "https://m1free.inwstream.com:1936/movie4/Sideways_2004/Sideways_2004_TH_1080p.mp4/playlist.m3u8",
        "referer": "https://fw4free.com/"
    },
    {
        "name": "Sideways ไซด์เวยส์ ดื่มชีวิต ข้างทาง (2004)",
        "info": "บรรยายไทย",
        "image": "https://img.fw4free.com/postor/20250606091445ERE8JdnKWbLGkhCpGUT68I7tNp.jpg",
        "subtitle": "https://pastebin.com/raw/XjDpyhzb",
        "url": "https://m1free.inwstream.com:1936/movie4/Sideways_2004/Sideways_2004_EN_1080p.mp4/playlist.m3u8",
        "referer": "https://fw4free.com/"
    },
    {
        "name": "The Accountant 2 อัจฉริยะคนบัญชีเพชฌฆาต 2 (2025)",
        "info": "พากย์ไทย",
        "image": "https://img.fw4free.com/postor/20250605150029kMDUS7VmFhb2coRfVBoGLR8ADBt.jpg",
        "subtitle": "https://pastebin.com/raw/XjDpyhzb",
        "url": "https://m1free.inwstream.com:1936/movie4/The_Accountant_2_2025/The_Accountant_2_2025_TH_1080p.mp4/playlist.m3u8",
        "referer": "https://fw4free.com/"
    },
    {
        "name": "The Accountant 2 อัจฉริยะคนบัญชีเพชฌฆาต 2 (2025)",
        "info": "บรรยายไทย",
        "image": "https://img.fw4free.com/postor/20250605150029kMDUS7VmFhb2coRfVBoGLR8ADBt.jpg",
        "subtitle": "https://pastebin.com/raw/XjDpyhzb",
        "url": "https://m1free.inwstream.com:1936/movie4/The_Accountant_2_2025/The_Accountant_2_2025_EN_1080p.mp4/playlist.m3u8",
        "referer": "https://fw4free.com/"
    },
    {
        "name": "Bordello of Blood คืนนรกแตก 2 (1996)",
        "info": "พากย์ไทย",
        "image": "https://img.fw4free.com/postor/20241118033312aKkUQ0Zd9TFlqfcMMHFKQBB15wZ.jpg",
        "subtitle": "https://pastebin.com/raw/XjDpyhzb",
        "url": "https://m1free.inwstream.com:1936/movie4/Bordello_of_Blood_1996/Bordello_of_Blood_1996_th_1080.mp4/playlist.m3u8",
        "referer": "https://fw4free.com/"
    },
    {
        "name": "Bordello of Blood คืนนรกแตก 2 (1996)",
        "info": "บรรยายไทย",
        "image": "https://img.fw4free.com/postor/20241118033312aKkUQ0Zd9TFlqfcMMHFKQBB15wZ.jpg",
        "subtitle": "https://pastebin.com/raw/XjDpyhzb",
        "url": "https://m1free.inwstream.com:1936/movie4/Bordello_of_Blood_1996/Bordello_of_Blood_1996_EN_1080p_T.mp4/playlist.m3u8",
        "referer": "https://fw4free.com/"
    },
    {
        "name": "Baghead ผีสิงผี (2023)",
        "info": "บรรยายไทย",
        "image": "https://img.fw4free.com/postor/20250605083237lbOyeiiRYAE6Nm2e7xiNAAaRwZB.jpg",
        "subtitle": "https://pastebin.com/raw/XjDpyhzb",
        "url": "https://m1free.inwstream.com:1936/movie4/Baghead_2023/Baghead_2023_EN_1080p_T_1.mp4/playlist.m3u8",
        "referer": "https://fw4free.com/"
    },
    {
        "name": "Thin Ice (The Convincer)",
        "info": "พากย์ไทย",
        "image": "https://img.fw4free.com/postor/2025060409505515KTuJlR8GclVrgX0g58oACqiqv.jpg",
        "subtitle": "https://pastebin.com/raw/XjDpyhzb",
        "url": "https://m1free.inwstream.com:1936/movie4/Thin_Ice_2011/Thin_Ice_2011_TH_1080p.mp4/playlist.m3u8",
        "referer": "https://fw4free.com/"
    },
    {
        "name": "Thin Ice (The Convincer)",
        "info": "บรรยายไทย",
        "image": "https://img.fw4free.com/postor/2025060409505515KTuJlR8GclVrgX0g58oACqiqv.jpg",
        "subtitle": "https://pastebin.com/raw/XjDpyhzb",
        "url": "https://m1free.inwstream.com:1936/movie4/Thin_Ice_2011/Thin_Ice_2011_EN_1080p.mp4/playlist.m3u8",
        "referer": "https://fw4free.com/"
    },
    {
        "name": "An American Crime ซิลเวียร์เหยื่ออยุติธรรม (2007)",
        "info": "บรรยายไทย",
        "image": "https://img.fw4free.com/postor/20250603103943bLsE0sMI1bycBxZX7QNYghy5iyi.jpg",
        "subtitle": "https://pastebin.com/raw/XjDpyhzb",
        "url": "https://m1free.inwstream.com:1936/movie4/An_American_Crime_2007/An_American_Crime_2007_EN_1080p_T.mp4/playlist.m3u8",
        "referer": "https://fw4free.com/"
    },
    {
        "name": "Trouble Every Day (Sangre caníbal)",
        "info": "บรรยายไทย",
        "image": "https://img.fw4free.com/postor/20250603102851z7oOCixexPW8Kb0MauCd1EsaqsJ.jpg",
        "subtitle": "https://pastebin.com/raw/XjDpyhzb",
        "url": "https://m1free.inwstream.com:1936/movie4/Trouble_Every_Day_2001/Trouble_Every_Day_2001_EN_1080p_T.mp4/playlist.m3u8",
        "referer": "https://fw4free.com/"
    },
    {
        "name": "Sinners ซินเนอร์ส (2025)",
        "info": "พากย์ไทย",
        "image": "https://img.fw4free.com/postor/20250418160525yqsCU5XOP2mkbFamzAqbqntmfav.jpg",
        "subtitle": "https://pastebin.com/raw/XjDpyhzb",
        "url": "https://m1free.inwstream.com:1936/movie4/Sinners_2025/Sinners_2025_th_1080_A.mp4/playlist.m3u8",
        "referer": "https://fw4free.com/"
    },
    {
        "name": "Sinners ซินเนอร์ส (2025)",
        "info": "บรรยายไทย",
        "image": "https://img.fw4free.com/postor/20250418160525yqsCU5XOP2mkbFamzAqbqntmfav.jpg",
        "subtitle": "https://pastebin.com/raw/XjDpyhzb",
        "url": "https://m1free.inwstream.com:1936/movie4/Sinners_2025/Sinners_2025_st_1080_A.mp4/playlist.m3u8",
        "referer": "https://fw4free.com/"
    },
    {
        "name": "The Unbreakable Boy เด็กชายหัวใจไม่แพ้ (2025)",
        "info": "บรรยายไทย",
        "image": "https://img.fw4free.com/postor/20250603015107ob1cuQzzggELGtWx5TchixKsBVn.jpg",
        "subtitle": "https://pastebin.com/raw/XjDpyhzb",
        "url": "https://m1free.inwstream.com:1936/movie4/The_Unbreakable_Boy_2025/The_Unbreakable_Boy_2025_st_1080.mp4/playlist.m3u8",
        "referer": "https://fw4free.com/"
    },
    {
        "name": "Mountainhead เมาน์เทนเฮด (2025)",
        "info": "บรรยายไทย",
        "image": "https://img.fw4free.com/postor/20250602110257jZKK5mFKWbquxhAGMkRJtNYwk0I.jpg",
        "subtitle": "https://pastebin.com/raw/XjDpyhzb",
        "url": "https://m1free.inwstream.com:1936/movie4/Mountainhead_2025/Mountainhead_2025_EN_1080p.mp4/playlist.m3u8",
        "referer": "https://fw4free.com/"
    },
    {
        "name": "I Saw the TV Glow จิตจ้องจอ (2024)",
        "info": "พากย์ไทย",
        "image": "https://img.fw4free.com/postor/20240806203349a6ybCvFEr2DNt0H9z5cO1L27WYG.jpg",
        "subtitle": "https://pastebin.com/raw/XjDpyhzb",
        "url": "https://m1free.inwstream.com:1936/movie4/I_Saw_the_TV_Glow_2024/I_Saw_the_TV_Glow_2024_TH_1080p_1.mp4/playlist.m3u8",
        "referer": "https://fw4free.com/"
    },
    {
        "name": "I Saw the TV Glow จิตจ้องจอ (2024)",
        "info": "บรรยายไทย",
        "image": "https://img.fw4free.com/postor/20240806203349a6ybCvFEr2DNt0H9z5cO1L27WYG.jpg",
        "subtitle": "https://pastebin.com/raw/XjDpyhzb",
        "url": "https://m1free.inwstream.com:1936/movie4/I_Saw_the_TV_Glow_2024/I_Saw_the_TV_Glow_2024_st_1080.mp4/playlist.m3u8",
        "referer": "https://fw4free.com/"
    },
    {
        "name": "We Need a Little Christmas คริสต์มาสนี้ไม่ไร้รัก (2022)",
        "info": "พากย์ไทย",
        "image": "https://img.fw4free.com/postor/20250602030645n2TIUpxs4I9cfNOqVx8LVvg9qye.jpg",
        "subtitle": "https://pastebin.com/raw/XjDpyhzb",
        "url": "https://m1free.inwstream.com:1936/movie3/We_Need_a_Little_Christmas_2022/We_Need_a_Little_Christmas_2022_th_1080p.mp4/playlist.m3u8",
        "referer": "https://fw4free.com/"
    },
    {
        "name": "We Need a Little Christmas คริสต์มาสนี้ไม่ไร้รัก (2022)",
        "info": "บรรยายไทย",
        "image": "https://img.fw4free.com/postor/20250602030645n2TIUpxs4I9cfNOqVx8LVvg9qye.jpg",
        "subtitle": "https://pastebin.com/raw/XjDpyhzb",
        "url": "https://m1free.inwstream.com:1936/movie3/We_Need_a_Little_Christmas_2022/We_Need_a_Little_Christmas_2022_st_1080p.mp4/playlist.m3u8",
        "referer": "https://fw4free.com/"
    },
    {
        "name": "Unsung Hero รัก ฝัน ศรัทธา (2024)",
        "info": "พากย์ไทย",
        "image": "https://img.fw4free.com/postor/20240719210309wKYrat0neU4sHl8aO4BCzxCKFQy.jpg",
        "subtitle": "https://pastebin.com/raw/XjDpyhzb",
        "url": "https://m1free.inwstream.com:1936/movie4/Unsung_Hero_2024/Unsung_Hero_2024_th_1080.mp4/playlist.m3u8",
        "referer": "https://fw4free.com/"
    },
    {
        "name": "Unsung Hero รัก ฝัน ศรัทธา (2024)",
        "info": "บรรยายไทย",
        "image": "https://img.fw4free.com/postor/20240719210309wKYrat0neU4sHl8aO4BCzxCKFQy.jpg",
        "subtitle": "https://pastebin.com/raw/XjDpyhzb",
        "url": "https://m1free.inwstream.com:1936/movie4/Unsung_Hero_2024/Unsung_Hero_2024_st_1080.mp4/playlist.m3u8",
        "referer": "https://fw4free.com/"
    },
    {
        "name": "The Persian Version เดอะเปอร์เซียนเวอร์ชั่น (2023)",
        "info": "พากย์ไทย",
        "image": "https://img.fw4free.com/postor/202506020259311nzBlZtebWJXY8ap0ibkgb3eMUr.jpg",
        "subtitle": "https://pastebin.com/raw/XjDpyhzb",
        "url": "https://m1free.inwstream.com:1936/movie3/The_Persian_Version_2023/The_Persian_Version_2023_th_1080.mp4/playlist.m3u8",
        "referer": "https://fw4free.com/"
    },
    {
        "name": "The Persian Version เดอะเปอร์เซียนเวอร์ชั่น (2023)",
        "info": "บรรยายไทย",
        "image": "https://img.fw4free.com/postor/202506020259311nzBlZtebWJXY8ap0ibkgb3eMUr.jpg",
        "subtitle": "https://pastebin.com/raw/XjDpyhzb",
        "url": "https://m1free.inwstream.com:1936/movie3/The_Persian_Version_2023/The_Persian_Version_2023_st_1080.mp4/playlist.m3u8",
        "referer": "https://fw4free.com/"
    },
    {
        "name": "Someone Like You ดุจดังเธอในดวงใจ (2024)",
        "info": "พากย์ไทย",
        "image": "https://img.fw4free.com/postor/20240827004309zsvD0BjEQIIoh2PpE5X7VXmSrQO.jpg",
        "subtitle": "https://pastebin.com/raw/XjDpyhzb",
        "url": "https://m1free.inwstream.com:1936/movie4/Someone_Like_You_2024/Someone_Like_You_2024_th_1080.mp4/playlist.m3u8",
        "referer": "https://fw4free.com/"
    },
    {
        "name": "Someone Like You ดุจดังเธอในดวงใจ (2024)",
        "info": "บรรยายไทย",
        "image": "https://img.fw4free.com/postor/20240827004309zsvD0BjEQIIoh2PpE5X7VXmSrQO.jpg",
        "subtitle": "https://pastebin.com/raw/XjDpyhzb",
        "url": "https://m1free.inwstream.com:1936/movie4/Someone_Like_You_2024/Someone_Like_You_2024_st_1080.mp4/playlist.m3u8",
        "referer": "https://fw4free.com/"
    },
    {
        "name": "Romance In Style โรแมนซ์ อิน สไตล์ (2022)",
        "info": "พากย์ไทย",
        "image": "https://img.fw4free.com/postor/20250602025454gYcVRws4Hu5B36ji7BheKDnSbfP.jpg",
        "subtitle": "https://pastebin.com/raw/XjDpyhzb",
        "url": "https://m1free.inwstream.com:1936/movie3/Romance_In_Style_2022/Romance_In_Style_2022_th_1080p.mp4/playlist.m3u8",
        "referer": "https://fw4free.com/"
    },
    {
        "name": "Romance In Style โรแมนซ์ อิน สไตล์ (2022)",
        "info": "บรรยายไทย",
        "image": "https://img.fw4free.com/postor/20250602025454gYcVRws4Hu5B36ji7BheKDnSbfP.jpg",
        "subtitle": "https://pastebin.com/raw/XjDpyhzb",
        "url": "https://m1free.inwstream.com:1936/movie3/Romance_In_Style_2022/Romance_In_Style_2022_st_1080p.mp4/playlist.m3u8",
        "referer": "https://fw4free.com/"
    },
    {
        "name": "The Bikeriders เดอะ ไบค์ไรเดอร์ส (2023)",
        "info": "พากย์ไทย",
        "image": "https://img.fw4free.com/postor/20240830175317qTb6sSRt8Pw96JTan8ezU2xO0FU.jpg",
        "subtitle": "https://pastebin.com/raw/XjDpyhzb",
        "url": "https://m1free.inwstream.com:1936/movie4/The_Bikeriders_2023/The_Bikeriders_2023_TH_1080p.mp4/playlist.m3u8",
        "referer": "https://fw4free.com/"
    },
    {
        "name": "The Bikeriders เดอะ ไบค์ไรเดอร์ส (2023)",
        "info": "บรรยายไทย",
        "image": "https://img.fw4free.com/postor/20240830175317qTb6sSRt8Pw96JTan8ezU2xO0FU.jpg",
        "subtitle": "https://pastebin.com/raw/XjDpyhzb",
        "url": "https://m1free.inwstream.com:1936/movie4/The_Bikeriders_2023/The_Bikeriders_2023_st_1080.mp4/playlist.m3u8",
        "referer": "https://fw4free.com/"
    },
    {
        "name": "Spies Like Us สปายเป๋อสปายเปิ่น (1985)",
        "info": "พากย์ไทย",
        "image": "https://img.fw4free.com/postor/20250601095811s0Sx8nd9Irq0aCPbsN78s0DYVlG.jpg",
        "subtitle": "https://pastebin.com/raw/XjDpyhzb",
        "url": "https://m1free.inwstream.com:1936/movie4/Spies_Like_Us_1985/Spies_Like_Us_1985_TH_1080p.mp4/playlist.m3u8",
        "referer": "https://fw4free.com/"
    },
    {
        "name": "Spies Like Us สปายเป๋อสปายเปิ่น (1985)",
        "info": "บรรยายไทย",
        "image": "https://img.fw4free.com/postor/20250601095811s0Sx8nd9Irq0aCPbsN78s0DYVlG.jpg",
        "subtitle": "https://pastebin.com/raw/XjDpyhzb",
        "url": "https://m1free.inwstream.com:1936/movie4/Spies_Like_Us_1985/Spies_Like_Us_1985_EN_1080p_T.mp4/playlist.m3u8",
        "referer": "https://fw4free.com/"
    },
    {
        "name": "Graduation Trip: Mallorca (Viaje de fin de curso: Mallorca)",
        "info": "พากย์ไทย",
        "image": "https://img.fw4free.com/postor/20250531092308ejYX4ygRoupGRjFgmmtnK0sMxhN.jpg",
        "subtitle": "https://pastebin.com/raw/XjDpyhzb",
        "url": "https://m1free.inwstream.com:1936/movie4/Graduation_Trip_Mallorca_2025/Graduation_Trip_Mallorca_2025_TH_1080p.mp4/playlist.m3u8",
        "referer": "https://fw4free.com/"
    },
    {
        "name": "Graduation Trip: Mallorca (Viaje de fin de curso: Mallorca)",
        "info": "บรรยายไทย",
        "image": "https://img.fw4free.com/postor/20250531092308ejYX4ygRoupGRjFgmmtnK0sMxhN.jpg",
        "subtitle": "https://pastebin.com/raw/XjDpyhzb",
        "url": "https://m1free.inwstream.com:1936/movie4/Graduation_Trip_Mallorca_2025/Graduation_Trip_Mallorca_2025_ST_1080p.mp4/playlist.m3u8",
        "referer": "https://fw4free.com/"
    },
    {
        "name": "The Heart Knows (Corazón delator)",
        "info": "พากย์ไทย",
        "image": "https://img.fw4free.com/postor/20250530160638syHnruCgN1Gq6PJ5PcwxZg9BQWY.jpg",
        "subtitle": "https://pastebin.com/raw/XjDpyhzb",
        "url": "https://m1free.inwstream.com:1936/movie4/The_Heart_Knows_2025/The_Heart_Knows_2025_TH_1080p.mp4/playlist.m3u8",
        "referer": "https://fw4free.com/"
    },
    {
        "name": "The Heart Knows (Corazón delator)",
        "info": "บรรยายไทย",
        "image": "https://img.fw4free.com/postor/20250530160638syHnruCgN1Gq6PJ5PcwxZg9BQWY.jpg",
        "subtitle": "https://pastebin.com/raw/XjDpyhzb",
        "url": "https://m1free.inwstream.com:1936/movie4/The_Heart_Knows_2025/The_Heart_Knows_2025_ST_1080p.mp4/playlist.m3u8",
        "referer": "https://fw4free.com/"
    },
    {
        "name": "A Widow's Game (La viuda negra)",
        "info": "พากย์ไทย",
        "image": "https://img.fw4free.com/postor/20250530160303yZOdrJDl2GwREoigC0y40kMosxj.jpg",
        "subtitle": "https://pastebin.com/raw/XjDpyhzb",
        "url": "https://m1free.inwstream.com:1936/movie4/A_Widow_s_Game_2025/A_Widow_s_Game_2025_TH_1080p.mp4/playlist.m3u8",
        "referer": "https://fw4free.com/"
    },
    {
        "name": "A Widow's Game (La viuda negra)",
        "info": "บรรยายไทย",
        "image": "https://img.fw4free.com/postor/20250530160303yZOdrJDl2GwREoigC0y40kMosxj.jpg",
        "subtitle": "https://pastebin.com/raw/XjDpyhzb",
        "url": "https://m1free.inwstream.com:1936/movie4/A_Widow_s_Game_2025/A_Widow_s_Game_2025_ST_1080p.mp4/playlist.m3u8",
        "referer": "https://fw4free.com/"
    },
    {
        "name": "Death of a Unicorn (2025)",
        "info": "บรรยายไทย",
        "image": "https://img.fw4free.com/postor/20250530063513lXR32JepFwD1UHkplWqtBP1K79z.jpg",
        "subtitle": "https://pastebin.com/raw/XjDpyhzb",
        "url": "https://m1free.inwstream.com:1936/movie4/Death_of_a_Unicorn_2025/Death_of_a_Unicorn_2025_st_1080_SAI.mp4/playlist.m3u8",
        "referer": "https://fw4free.com/"
    },
    {
        "name": "Revenge แค้นนี้ต้องทวงคืน (1990)",
        "info": "บรรยายไทย",
        "image": "https://img.fw4free.com/postor/20250530060553nuB1VoB46BLvM0ae3tbGSWhzV0E.jpg",
        "subtitle": "https://pastebin.com/raw/XjDpyhzb",
        "url": "https://m1free.inwstream.com:1936/movie4/Revenge_1990/Revenge_1990_st_1080upscal_2.mp4/playlist.m3u8",
        "referer": "https://fw4free.com/"
    },
    {
        "name": "Miracle มิราเคิล ทีมฮึดปาฏิหาริย์ (2004)",
        "info": "พากย์ไทย",
        "image": "https://img.fw4free.com/postor/20250529114843mxtej2th8t8x0ufVBTyhsO6Htxj.jpg",
        "subtitle": "https://pastebin.com/raw/XjDpyhzb",
        "url": "https://m1free.inwstream.com:1936/movie4/Miracle_2004/Miracle_2004_TH_1080p.mp4/playlist.m3u8",
        "referer": "https://fw4free.com/"
    },
    {
        "name": "Miracle มิราเคิล ทีมฮึดปาฏิหาริย์ (2004)",
        "info": "บรรยายไทย",
        "image": "https://img.fw4free.com/postor/20250529114843mxtej2th8t8x0ufVBTyhsO6Htxj.jpg",
        "subtitle": "https://pastebin.com/raw/XjDpyhzb",
        "url": "https://m1free.inwstream.com:1936/movie4/Miracle_2004/Miracle_2004_EN_1080p.mp4/playlist.m3u8",
        "referer": "https://fw4free.com/"
    },
    {
        "name": "Captain America: Brave New World กัปตัน อเมริกา: ศึกฮีโร่จักรวาลใหม่ (2025)",
        "info": "พากย์ไทย",
        "image": "https://img.fw4free.com/postor/20250213191228mZUTBHzb0DXgrISwM28OjqGlFYa.jpg",
        "subtitle": "https://pastebin.com/raw/XjDpyhzb",
        "url": "https://m1free.inwstream.com:1936/movie4/Captain_America_Brave_New_World_2025/Captain_America_Brave_New_World_2025_TH_1080p.mp4/playlist.m3u8",
        "referer": "https://fw4free.com/"
    },
    {
        "name": "Captain America: Brave New World กัปตัน อเมริกา: ศึกฮีโร่จักรวาลใหม่ (2025)",
        "info": "บรรยายไทย",
        "image": "https://img.fw4free.com/postor/20250213191228mZUTBHzb0DXgrISwM28OjqGlFYa.jpg",
        "subtitle": "https://pastebin.com/raw/XjDpyhzb",
        "url": "https://m1free.inwstream.com:1936/movie4/Captain_America_Brave_New_World_2025/Captain_America_Brave_New_World_2025_EN_1080p.mp4/playlist.m3u8",
        "referer": "https://fw4free.com/"
    },
    {
        "name": "1992 คืนระห่ำโหด คนระห่ำแตก (2024)",
        "info": "พากย์ไทย",
        "image": "https://img.fw4free.com/postor/20241112182845tPvFmQZM5HMspryyYbrtW02NR0G.jpg",
        "subtitle": "https://pastebin.com/raw/XjDpyhzb",
        "url": "https://m1free.inwstream.com:1936/movie4/1992_2024/1992_2024_TH_1080p.mp4/playlist.m3u8",
        "referer": "https://fw4free.com/"
    },
    {
        "name": "1992 คืนระห่ำโหด คนระห่ำแตก (2024)",
        "info": "บรรยายไทย",
        "image": "https://img.fw4free.com/postor/20241112182845tPvFmQZM5HMspryyYbrtW02NR0G.jpg",
        "subtitle": "https://pastebin.com/raw/XjDpyhzb",
        "url": "https://m1free.inwstream.com:1936/movie4/1992_2024/1992_2024_st_1080p.mp4/playlist.m3u8",
        "referer": "https://fw4free.com/"
    },
    {
        "name": "Until Dawn ต้องรอดก่อนย่ำรุ่ง (2025)",
        "info": "พากย์ไทย",
        "image": "https://img.fw4free.com/postor/20250525091341i0qrpO0pZ09kHnRb10tGPVYuTzy.jpg",
        "subtitle": "https://pastebin.com/raw/XjDpyhzb",
        "url": "https://m1free.inwstream.com:1936/movie4/Until_Dawn_2025/Until_Dawn_2025_th_1080.mp4/playlist.m3u8",
        "referer": "https://fw4free.com/"
    },
    {
        "name": "Until Dawn ต้องรอดก่อนย่ำรุ่ง (2025)",
        "info": "บรรยายไทย",
        "image": "https://img.fw4free.com/postor/20250525091341i0qrpO0pZ09kHnRb10tGPVYuTzy.jpg",
        "subtitle": "https://pastebin.com/raw/XjDpyhzb",
        "url": "https://m1free.inwstream.com:1936/movie4/Until_Dawn_2025/Until_Dawn_2025_st_1080.mp4/playlist.m3u8",
        "referer": "https://fw4free.com/"
    },
    {
        "name": "The Hallow (2015)",
        "info": "บรรยายไทย",
        "image": "https://img.fw4free.com/postor/20250527013750yRZjYUrpX6QEcrZtGNwmqhPi5di.jpg",
        "subtitle": "https://pastebin.com/raw/XjDpyhzb",
        "url": "https://m1free.inwstream.com:1936/movie4/The_Hallow_2015/The_Hallow_2015_st_1080_T.mp4/playlist.m3u8",
        "referer": "https://fw4free.com/"
    }
]