[
    {
        "name": "นาคบรรพ์ Eternal Bond (2025)",
        "info": "พากย์ไทย",
        "image": "https://img.fw4free.com/postor/20250626082239naEFgLQCsIoPop4qMKnvg33rVys.jpg",
        "subtitle": "https://pastebin.com/raw/XjDpyhzb",
        "url": "https://m1free.inwstream.com:1936/movie4/Naak_Ban_2025/Naak_Ban_2025_TH_1080p.mp4/playlist.m3u8",
        "referer": "https://fw4free.com/"
    },
    {
        "name": "น้ำเต้าหู้.. กับครูระเบียบ 2 (1995)",
        "info": "พากย์ไทย",
        "image": "https://img.fw4free.com/postor/20250625041644น้ำเต้าหู้และครูระเบียบ2.jpg",
        "subtitle": "https://pastebin.com/raw/XjDpyhzb",
        "url": "https://m1free.inwstream.com:1936/movie4/It_s_like_this_world_has_only_soy_milk_and_disciplined_teachers_1995/It_s_like_this_world_has_only_soy_milk_and_disciplined_teachers_1995_th_1080_AI.mp4/playlist.m3u8",
        "referer": "https://fw4free.com/"
    },
    {
        "name": "แบบว่าโลกนี้...มีแต่น้ำเต้าหู้และครูระเบียบ (1994)",
        "info": "พากย์ไทย",
        "image": "https://img.fw4free.com/postor/202506250409011000.jpg",
        "subtitle": "https://pastebin.com/raw/XjDpyhzb",
        "url": "https://m1free.inwstream.com:1936/movie4/It_s_like_this_world_has_only_soy_milk_and_disciplined_teachers_1994/It_s_like_this_world_has_only_soy_milk_and_disciplined_teachers_1994_th_1080_AI.mp4/playlist.m3u8",
        "referer": "https://fw4free.com/"
    },
    {
        "name": "ก่อนรัก...หมุนรอบตัวเรา Before Valentine (2009)",
        "info": "พากย์ไทย",
        "image": "https://img.fw4free.com/postor/202506240506146rsvCpYZ0NsDffhPizAQCykSEyO.jpg",
        "subtitle": "https://pastebin.com/raw/XjDpyhzb",
        "url": "https://m1free.inwstream.com:1936/movie4/Before_Valentine_2009/Before_Valentine_2009_th_1080_AI.mp4/playlist.m3u8",
        "referer": "https://fw4free.com/"
    },
    {
        "name": "ทะเลของฉัน มีคลื่นเล็กน้อย ถึงปานกลาง Solids by the Seashore (2023)",
        "info": "พากย์ไทย",
        "image": "https://img.fw4free.com/postor/202506210414161PnIW4GnF7Ai1jGd8vDrSpfQJNC.jpg",
        "subtitle": "https://pastebin.com/raw/XjDpyhzb",
        "url": "https://m1free.inwstream.com:1936/movie4/Solids_by_the_Seashore_2023/Solids_by_the_Seashore_2023_th_1080.mp4/playlist.m3u8",
        "referer": "https://fw4free.com/"
    },
    {
        "name": "เจาะเวลาหาโก๊ะ Time Machine 2 (1992)",
        "info": "พากย์ไทย",
        "image": "https://img.fw4free.com/postor/20250617204530mDaNoSnFldOZHSYm9SuIkVDERpR.jpg",
        "subtitle": "https://pastebin.com/raw/XjDpyhzb",
        "url": "https://m1free.inwstream.com:1936/movie4/Time_Machine_2_1992/Time_Machine_2_1992_th_720_HDTV.mp4/playlist.m3u8",
        "referer": "https://fw4free.com/"
    },
    {
        "name": "แฟลตเกิร์ล ชั้นห่างระหว่าง เ ร า Flat Girls (2025)",
        "info": "พากย์ไทย",
        "image": "https://img.fw4free.com/postor/20250612072733pUwCqH7V6qlFONrIdTROazvx0LU.jpg",
        "subtitle": "https://pastebin.com/raw/XjDpyhzb",
        "url": "https://m1free.inwstream.com:1936/movie4/Flat_Girls_2025/Flat_Girls_2025_TH_1080p.mp4/playlist.m3u8",
        "referer": "https://fw4free.com/"
    },
    {
        "name": "แต่ง…Monk Will You Marry Monk? (2025)",
        "info": "พากย์ไทย",
        "image": "https://img.fw4free.com/postor/20250609194309jNctLh193rNy8yeo8T05X5FXDD8.jpg",
        "subtitle": "https://pastebin.com/raw/XjDpyhzb",
        "url": "https://m1free.inwstream.com:1936/movie4/Will_You_Marry_Monk_2025/Will_You_Marry_Monk_2025_th_1080.mp4/playlist.m3u8",
        "referer": "https://fw4free.com/"
    },
    {
        "name": "พันธุ์ร็อกหน้าย่น Old Mad Rock (2003)",
        "info": "พากย์ไทย",
        "image": "https://img.fw4free.com/postor/20250527024120usINB94CYcBdRVfm3nrbZxDCnU1.jpg",
        "subtitle": "https://pastebin.com/raw/XjDpyhzb",
        "url": "https://m1free.inwstream.com:1936/movie4/Old_Mad_Rock_2003/Old_Mad_Rock_2003_th_1080.mp4/playlist.m3u8",
        "referer": "https://fw4free.com/"
    },
    {
        "name": "สวัสดีวันจันทร์(ส)",
        "info": "พากย์ไทย",
        "image": "https://img.fw4free.com/postor/20250522084921dF0rzf8kXcid5AX1Q8Wtk9yD7Xw (1)(1)(1)(1)(1).jpg",
        "subtitle": "https://pastebin.com/raw/XjDpyhzb",
        "url": "https://m1free.inwstream.com:1936/movie4/Sawatdee_Wan_Chan_s_2025/Sawatdee_Wan_Chan_s_2025_TH_1080p.mp4/playlist.m3u8",
        "referer": "https://fw4free.com/"
    },
    {
        "name": "พญาโศกพิโยคค่ำ The Edge of Daybreak (2021)",
        "info": "พากย์ไทย",
        "image": "https://img.fw4free.com/postor/202505211758463SJaFr0LXVCLUr6uh6mdVvonNVO.jpg",
        "subtitle": "https://pastebin.com/raw/XjDpyhzb",
        "url": "https://m1free.inwstream.com:1936/movie4/The_Edge_of_Daybreak_2021/The_Edge_of_Daybreak_2021_th_1080.mp4/playlist.m3u8",
        "referer": "https://fw4free.com/"
    },
    {
        "name": "พนอ Panor (2025)",
        "info": "พากย์ไทย",
        "image": "https://img.fw4free.com/postor/20250516180736fjvV2wQL8j7cgDVlR0Jru50UE16.jpg",
        "subtitle": "https://pastebin.com/raw/XjDpyhzb",
        "url": "https://m1free.inwstream.com:1936/movie4/Panor_2025/Panor_2025_th_1080.mp4/playlist.m3u8",
        "referer": "https://fw4free.com/"
    },
    {
        "name": "คู่แสบวายป่วง Duo Man (2024)",
        "info": "พากย์ไทย",
        "image": "https://img.fw4free.com/postor/20250506052552kxoJZRiCeardSJLRg6pas9DRD0C.jpg",
        "subtitle": "https://pastebin.com/raw/XjDpyhzb",
        "url": "https://m1free.inwstream.com:1936/movie4/Duo_Man_2024/Duo_Man_2024_th_1080.mp4/playlist.m3u8",
        "referer": "https://fw4free.com/"
    },
    {
        "name": "จะใหญ่ จะย่อ ก็พ่อเรา Hey Daddy (1992)",
        "info": "พากย์ไทย",
        "image": "https://img.fw4free.com/postor/20250504010805yaWmKhddsqd2cuC16KqDdUH0SzA.jpg",
        "subtitle": "https://pastebin.com/raw/XjDpyhzb",
        "url": "https://m1free.inwstream.com:1936/movie4/Hey_Daddy_1992/Hey_Daddy_1992_th_480.mp4/playlist.m3u8",
        "referer": "https://fw4free.com/"
    },
    {
        "name": "คุณชายน์ The Cliche (2024)",
        "info": "พากย์ไทย",
        "image": "https://img.fw4free.com/postor/20250501084115sHvBO0gOBu57uLxo4G9JNR7m8gw(1).jpg",
        "subtitle": "https://pastebin.com/raw/XjDpyhzb",
        "url": "https://m1free.inwstream.com:1936/movie4/Khun_Cliche_2024/Khun_Cliche_2024_TH_1080p.mp4/playlist.m3u8",
        "referer": "https://fw4free.com/"
    },
    {
        "name": "ผู้บ่าวนิกะห์ Isan Nikah (2024)",
        "info": "พากย์ไทย",
        "image": "https://img.fw4free.com/postor/20250418161507i7ptvi9Y5PFXVxCSbMyjcYEFOhU.jpg",
        "subtitle": "https://pastebin.com/raw/XjDpyhzb",
        "url": "https://m1free.inwstream.com:1936/movie4/Isan_Nikah_2024/Isan_Nikah_2024_th_1080.mp4/playlist.m3u8",
        "referer": "https://fw4free.com/"
    },
    {
        "name": "Chapter 1: Mae Nak Reborn (2022)",
        "info": "พากย์ไทย",
        "image": "https://img.fw4free.com/postor/20250415224015MV5BOGI4YTNkMGItMGFiZS00Njc5LWI2.jpg",
        "subtitle": "https://pastebin.com/raw/XjDpyhzb",
        "url": "https://m1free.inwstream.com:1936/movie4/Chapter_1_Mae_Nak_Reborn_2022/Chapter_1_Mae_Nak_Reborn_2022_th_1080.mp4/playlist.m3u8",
        "referer": "https://fw4free.com/"
    },
    {
        "name": "คืนจันทร์แรม Grave Lands (2022)",
        "info": "พากย์ไทย",
        "image": "https://img.fw4free.com/postor/20250415223207rLN12oZr1FdKP6znVx7Pu51HPjw.jpg",
        "subtitle": "https://pastebin.com/raw/XjDpyhzb",
        "url": "https://m1free.inwstream.com:1936/movie4/Grave_Lands_2022/Grave_Lands_2022_th_1080.mp4/playlist.m3u8",
        "referer": "https://fw4free.com/"
    },
    {
        "name": "เกจิ คนฆ่าผี Geji: The Spirit Hunter (2024)",
        "info": "พากย์ไทย",
        "image": "https://img.fw4free.com/postor/202504152226268nhaw4NaIoS7GVVBmpVZm7I8s3S.jpg",
        "subtitle": "https://pastebin.com/raw/XjDpyhzb",
        "url": "https://m1free.inwstream.com:1936/movie4/Geji_The_Spirit_Hunter_2024/Geji_The_Spirit_Hunter_2024_th_1080.mp4/playlist.m3u8",
        "referer": "https://fw4free.com/"
    },
    {
        "name": "นะหน้าทอง Black Magic Mask (2023)",
        "info": "พากย์ไทย",
        "image": "https://img.fw4free.com/postor/20250415222209o9dWwcJy5ueq2XJMo0bSiqChOrt.jpg",
        "subtitle": "https://pastebin.com/raw/XjDpyhzb",
        "url": "https://m1free.inwstream.com:1936/movie4/Black_Magic_Mask_2023/Black_Magic_Mask_2023_th_1080.mp4/playlist.m3u8",
        "referer": "https://fw4free.com/"
    },
    {
        "name": "มนต์ดำสั่งตาย Siam Curse (2023)",
        "info": "พากย์ไทย",
        "image": "https://img.fw4free.com/postor/20250415221613dCHjWC3KFNq66BOIlQaiINCa8Br.jpg",
        "subtitle": "https://pastebin.com/raw/XjDpyhzb",
        "url": "https://m1free.inwstream.com:1936/movie4/Siam_Curse_2023/Siam_Curse_2023_th_1080.mp4/playlist.m3u8",
        "referer": "https://fw4free.com/"
    },
    {
        "name": "ธี่หด Shrinking Tee (2025)",
        "info": "พากย์ไทย",
        "image": "https://img.fw4free.com/postor/2025041415021771xjlSIAqyhaFafM7IcChpqOBqT.jpg",
        "subtitle": "https://pastebin.com/raw/XjDpyhzb",
        "url": "https://m1free.inwstream.com:1936/movie4/Shrinking_Tee_2025/Shrinking_Tee_2025_th_1080.mp4/playlist.m3u8",
        "referer": "https://fw4free.com/"
    },
    {
        "name": "วัยสตาร์ท น็อนสต็อป Start It Up (2024)",
        "info": "พากย์ไทย",
        "image": "https://img.fw4free.com/postor/20250414145641pthR81Tqeqjx4r6qNffrM5nYc1Y.jpg",
        "subtitle": "https://pastebin.com/raw/XjDpyhzb",
        "url": "https://m1free.inwstream.com:1936/movie4/Start_It_Up_2024/Start_It_Up_2024_th_1080.mp4/playlist.m3u8",
        "referer": "https://fw4free.com/"
    },
    {
        "name": "รักขมๆในร้านขนมหวาน Untitle Love (2012)",
        "info": "พากย์ไทย",
        "image": "https://img.fw4free.com/postor/202504111359471413693614-p193shtjo8-o.jpg",
        "subtitle": "https://pastebin.com/raw/XjDpyhzb",
        "url": "https://m1free.inwstream.com:1936/movie4/Untitled_Love_2012/Untitled_Love_2012_th_1080.mp4/playlist.m3u8",
        "referer": "https://fw4free.com/"
    },
    {
        "name": "แก๊งหิมะเดือด Frozen Hot Boys (2025)",
        "info": "พากย์ไทย",
        "image": "https://img.fw4free.com/postor/202504101451453ScTCGjCuGyN3PcnasJ5ji7OmaU.jpg",
        "subtitle": "https://pastebin.com/raw/XjDpyhzb",
        "url": "https://m1free.inwstream.com:1936/movie4/Kaeng_Hima_Deuxd_2025/Kaeng_Hima_Deuxd_2025_TH_1080p.mp4/playlist.m3u8",
        "referer": "https://fw4free.com/"
    },
    {
        "name": "เด็กเดน The Rascals (2005)",
        "info": "พากย์ไทย",
        "image": "https://img.fw4free.com/postor/202504100854209161_NURL0h9g8r947JlJ39Wp.jpg",
        "subtitle": "https://pastebin.com/raw/XjDpyhzb",
        "url": "https://m1free.inwstream.com:1936/movie4/The_Rascals_2005/The_Rascals_2005_th_1080.mp4/playlist.m3u8",
        "referer": "https://fw4free.com/"
    },
    {
        "name": "404 สุขีนิรันดร์..Run Run 404 Run Run (2024)",
        "info": "พากย์ไทย",
        "image": "https://img.fw4free.com/postor/20250404060436z2TWhTRFzriygLygsjTbIHFYcQW.jpg",
        "subtitle": "https://pastebin.com/raw/XjDpyhzb",
        "url": "https://m1free.inwstream.com:1936/movie4/404_Run_Run_2024/404_Run_Run_2024_th_1080.mp4/playlist.m3u8",
        "referer": "https://fw4free.com/"
    },
    {
        "name": "ปณิธานหวานน้อย Endpresso (2024)",
        "info": "พากย์ไทย",
        "image": "https://img.fw4free.com/postor/202503201207362C9izRi4iyTkfevcWIx0fracBgU.jpg",
        "subtitle": "https://pastebin.com/raw/XjDpyhzb",
        "url": "https://m1free.inwstream.com:1936/movie4/Endpresso_2024/Endpresso_2024_TH_1080p.mp4/playlist.m3u8",
        "referer": "https://fw4free.com/"
    },
    {
        "name": "ปิด เกม ล่า EXIT (2024)",
        "info": "พากย์ไทย",
        "image": "https://img.fw4free.com/postor/202503201201292ZLNEID5j2U21Vvrt5PtnQ2uUx1.jpg",
        "subtitle": "https://pastebin.com/raw/XjDpyhzb",
        "url": "https://m1free.inwstream.com:1936/movie4/Exit_2024/Exit_2024_TH_1080p.mp4/playlist.m3u8",
        "referer": "https://fw4free.com/"
    },
    {
        "name": "ผาดำคำไอ่ ซินเดอเรลล่าสตอรี่ (2024)",
        "info": "พากย์ไทย",
        "image": "https://img.fw4free.com/postor/202503201153391pIrritKjpz6itW6GYLAItCbxqC.jpg",
        "subtitle": "https://pastebin.com/raw/XjDpyhzb",
        "url": "https://m1free.inwstream.com:1936/movie4/Pha_Dam_Kham_Ai_2024/Pha_Dam_Kham_Ai_2024_TH_1080p.mp4/playlist.m3u8",
        "referer": "https://fw4free.com/"
    },
    {
        "name": "วัยหนุ่ม 2544 In Youth We Trust (2024)",
        "info": "พากย์ไทย",
        "image": "https://img.fw4free.com/postor/2025032000202761yVjebE5yBBJJvmtbnt8dVO6Ib.jpg",
        "subtitle": "https://pastebin.com/raw/XjDpyhzb",
        "url": "https://m1free.inwstream.com:1936/movie4/In_Youth_We_Trust_2024/In_Youth_We_Trust_2024_th_1080.mp4/playlist.m3u8",
        "referer": "https://fw4free.com/"
    },
    {
        "name": "คริต กะ จ๋า บ้าสุด...สุด Valentine (2008)",
        "info": "พากย์ไทย",
        "image": "https://img.fw4free.com/postor/202503151618599kmHvrsl1I05KZScPZCoevuLHUM.jpg",
        "subtitle": "https://pastebin.com/raw/XjDpyhzb",
        "url": "https://m1free.inwstream.com:1936/movie4/Valentine_2008/Valentine_2008_th_1080_upscale_AI.mp4/playlist.m3u8",
        "referer": "https://fw4free.com/"
    },
    {
        "name": "ไรเดอร์ Rider (2024)",
        "info": "พากย์ไทย",
        "image": "https://img.fw4free.com/postor/20250313231052yKnyTo3iHFFfEWLigzNhrysrvWb.jpg",
        "subtitle": "https://pastebin.com/raw/XjDpyhzb",
        "url": "https://m1free.inwstream.com:1936/movie4/Rider_2024/Rider_2024_th_1080_F.mp4/playlist.m3u8",
        "referer": "https://fw4free.com/"
    },
    {
        "name": "สื่อ-เม่ย Zi Mui (2023)",
        "info": "พากย์ไทย",
        "image": "https://img.fw4free.com/postor/20250309135042xZQoDjaOu1O4XFlziJZ9Tkr1Inw.jpg",
        "subtitle": "https://pastebin.com/raw/XjDpyhzb",
        "url": "https://m1free.inwstream.com:1936/movie4/Zi_Mui_2023/Zi_Mui_2023_th_1080.mp4/playlist.m3u8",
        "referer": "https://fw4free.com/"
    },
    {
        "name": "อรุณกาล Regretfully At Dawn (A run gaan)",
        "info": "พากย์ไทย",
        "image": "https://img.fw4free.com/postor/20250309134716vdLZfwPig6K01BFGqv4QO1PVvY5.jpg",
        "subtitle": "https://pastebin.com/raw/XjDpyhzb",
        "url": "https://m1free.inwstream.com:1936/movie4/Regretfully_At_Dawn_2024/Regretfully_At_Dawn_2024_th_1080.mp4/playlist.m3u8",
        "referer": "https://fw4free.com/"
    },
    {
        "name": "รอวัน Hours of Ours (2024)",
        "info": "พากย์ไทย",
        "image": "https://img.fw4free.com/postor/20250309133856nkMNn6RpRsOrmm5sqG8rdBaO8H0.jpg",
        "subtitle": "https://pastebin.com/raw/XjDpyhzb",
        "url": "https://m1free.inwstream.com:1936/movie4/Hours_of_Ours_2024/Hours_of_Ours_2024_th_1080.mp4/playlist.m3u8",
        "referer": "https://fw4free.com/"
    },
    {
        "name": "มึงนอน มึงตาย Don't Sleep (2024)",
        "info": "พากย์ไทย",
        "image": "https://img.fw4free.com/postor/20250309133321ipRKlZrWFebmxHPnTRoJg73RszL.jpg",
        "subtitle": "https://pastebin.com/raw/XjDpyhzb",
        "url": "https://m1free.inwstream.com:1936/movie4/Don_t_Sleep_2024/Don_t_Sleep_2024_th_1080.mp4/playlist.m3u8",
        "referer": "https://fw4free.com/"
    },
    {
        "name": "ตำรวจแต่ง กำเนิดผู้พิทักษ์สันติหลุด Police Modify (2024)",
        "info": "พากย์ไทย",
        "image": "https://img.fw4free.com/postor/20250227112520uE9QV77j3UCWEZtJxeatCiQ6eti.jpg",
        "subtitle": "https://pastebin.com/raw/XjDpyhzb",
        "url": "https://m1free.inwstream.com:1936/movie4/Police_Modify_2024/Police_Modify_2024_th_1080.mp4/playlist.m3u8",
        "referer": "https://fw4free.com/"
    },
    {
        "name": "ผู้เช่า The Tenant (2024)",
        "info": "พากย์ไทย",
        "image": "https://img.fw4free.com/postor/20250227112222wBrbYlOVXRfeefvfgeJI5btS1Ow.jpg",
        "subtitle": "https://pastebin.com/raw/XjDpyhzb",
        "url": "https://m1free.inwstream.com:1936/movie4/The_Tenant_2024/The_Tenant_2024_th_1080.mp4/playlist.m3u8",
        "referer": "https://fw4free.com/"
    },
    {
        "name": "หม่อม The Elite of Devils (2024)",
        "info": "พากย์ไทย",
        "image": "https://img.fw4free.com/postor/202502271103059KKrQ4GnuCxYVyqSTuaOi4TWEsw.jpg",
        "subtitle": "https://pastebin.com/raw/XjDpyhzb",
        "url": "https://m1free.inwstream.com:1936/movie4/The_Elite_of_Devils_2024/The_Elite_of_Devils_2024_th_1080.mp4/playlist.m3u8",
        "referer": "https://fw4free.com/"
    },
    {
        "name": "เรือนขังผี Home Sweet Hell (2023)",
        "info": "พากย์ไทย",
        "image": "https://img.fw4free.com/postor/20250227105946a9UYwkPlj4aw8h34m3LgWuTcegr.jpg",
        "subtitle": "https://pastebin.com/raw/XjDpyhzb",
        "url": "https://m1free.inwstream.com:1936/movie4/Home_Sweet_Hell_2023/Home_Sweet_Hell_2023_th_1080.mp4/playlist.m3u8",
        "referer": "https://fw4free.com/"
    },
    {
        "name": "วัยเป้ง นักเลงขาสั้น 2 Dangerous Boys 2 (2024)",
        "info": "พากย์ไทย",
        "image": "https://img.fw4free.com/postor/202502230111485C08Vi0qDjOdSg43wC4xztCOMaa.jpg",
        "subtitle": "https://pastebin.com/raw/XjDpyhzb",
        "url": "https://m1free.inwstream.com:1936/movie4/Dangerous_Boys_2_2024/Dangerous_Boys_2_2024_th_1080.mp4/playlist.m3u8",
        "referer": "https://fw4free.com/"
    },
    {
        "name": "วัยเป้งง นักเลงขาสั้น Dangerous Boys (2014)",
        "info": "พากย์ไทย",
        "image": "https://img.fw4free.com/postor/20250223010402MV5BZjFhOWZmNWEtMDkwZC00NjE3LWI2OWUtMTc3MWYyMTdhOWIwXkEyXkFqcGc@._V1_.jpg",
        "subtitle": "https://pastebin.com/raw/XjDpyhzb",
        "url": "https://m1free.inwstream.com:1936/movie4/Dangerous_Boys_2014/Dangerous_Boys_2014_th_1080.mp4/playlist.m3u8",
        "referer": "https://fw4free.com/"
    },
    {
        "name": "สมมติ Supposed (2023)",
        "info": "พากย์ไทย",
        "image": "https://img.fw4free.com/postor/20250221094119lVgkxIdid1fi2M0KGOKNjFcEpsp.jpg",
        "subtitle": "https://pastebin.com/raw/XjDpyhzb",
        "url": "https://m1free.inwstream.com:1936/movie4/Sommud_2023/Sommud_2023_TH_1080p.mp4/playlist.m3u8",
        "referer": "https://fw4free.com/"
    },
    {
        "name": "ขอบคุณที่รักกัน Loving You, Loving Me (2011)",
        "info": "พากย์ไทย",
        "image": "https://img.fw4free.com/postor/20250216060423MV5BMjA4MTFhMzEtZDgyYS00MmI1LTkxZGYtYTczMTNlNDI3MTJjXkEyXkFqcGc@._V1_FMjpg_UX1000_.jpg",
        "subtitle": "https://pastebin.com/raw/XjDpyhzb",
        "url": "https://m1free.inwstream.com:1936/movie4/Loving_You_Loving_Me_2011/Loving_You_Loving_Me_2011_th_1080_upscale_ai.mp4/playlist.m3u8",
        "referer": "https://fw4free.com/"
    },
    {
        "name": "ธี่หยด 2 Death Whisperer 2 (2024)",
        "info": "พากย์ไทย",
        "image": "https://img.fw4free.com/postor/20241020174720xPTyukOmTrJDwGPwHYwxEMieaqk.jpg",
        "subtitle": "https://pastebin.com/raw/XjDpyhzb",
        "url": "https://m1free.inwstream.com:1936/movie4/Death_Whisperer_2_2024/Death_Whisperer_2_2024_th_1080.mp4/playlist.m3u8",
        "referer": "https://fw4free.com/"
    },
    {
        "name": "ตำรวจ ดิบ เดือด The Guardian (2023)",
        "info": "พากย์ไทย",
        "image": "https://img.fw4free.com/postor/20250205200423rWqoCrRImxFHHO6IrZCchtgQczL.jpg",
        "subtitle": "https://pastebin.com/raw/XjDpyhzb",
        "url": "https://m1free.inwstream.com:1936/movie4/The_Guardian_2023/The_Guardian_2023_th_1080.mp4/playlist.m3u8",
        "referer": "https://fw4free.com/"
    },
    {
        "name": "สุขสันต์..วันเกิดครับพ่อ Happy Birthday Father (2019)",
        "info": "พากย์ไทย",
        "image": "https://img.fw4free.com/postor/202502051949390b79b49d-3ff3-4edf-afaa-84cbbf8c4e9f.jpg",
        "subtitle": "https://pastebin.com/raw/XjDpyhzb",
        "url": "https://m1free.inwstream.com:1936/movie4/Happy_Birthday_Father_2019/Happy_Birthday_Father_2019_th_1080.mp4/playlist.m3u8",
        "referer": "https://fw4free.com/"
    },
    {
        "name": "กาลคืนหนึ่ง One Night Of Love (2024)",
        "info": "พากย์ไทย",
        "image": "https://img.fw4free.com/postor/20250205194415470218118_1028407675982245_300387931ewq2641365375_n.jpg",
        "subtitle": "https://pastebin.com/raw/XjDpyhzb",
        "url": "https://m1free.inwstream.com:1936/movie4/One_Night_Of_Love_2024/One_Night_Of_Love_2024_th_1080.mp4/playlist.m3u8",
        "referer": "https://fw4free.com/"
    },
    {
        "name": "อนธการ The Blue Hour (2015)",
        "info": "พากย์ไทย",
        "image": "https://img.fw4free.com/postor/20250131124047beu6ezZZohhBxpADatVgEmxKXcb.jpg",
        "subtitle": "https://pastebin.com/raw/XjDpyhzb",
        "url": "https://m1free.inwstream.com:1936/movie3/Onthakan_2015/Onthakan_2015_TH_720p.mp4/playlist.m3u8",
        "referer": "https://fw4free.com/"
    },
    {
        "name": "ศึกค้างคาวกินกล้วย Bat War (2024)",
        "info": "พากย์ไทย",
        "image": "https://img.fw4free.com/postor/20250123171544mfqG71zWNX7q9ovhZ8zleLk24dm.jpg",
        "subtitle": "https://pastebin.com/raw/XjDpyhzb",
        "url": "https://m1free.inwstream.com:1936/movie4/Bat_War_2024/Bat_War_2024_th_1080.mp4/playlist.m3u8",
        "referer": "https://fw4free.com/"
    },
    {
        "name": "รองต๊ะแล่บแปล๊บ The Magic Shoes (1992)",
        "info": "พากย์ไทย",
        "image": "https://img.fw4free.com/postor/20250121080111d228SxAIYEE27ECHJm1igziWmSM.jpg",
        "subtitle": "https://pastebin.com/raw/XjDpyhzb",
        "url": "https://m1free.inwstream.com:1936/movie4/The_Magic_Shoes_1992/The_Magic_Shoes_1992_th_1080.mp4/playlist.m3u8",
        "referer": "https://fw4free.com/"
    },
    {
        "name": "ปอบแม่ใหญ่แดง The Haunted Granny (2024)",
        "info": "พากย์ไทย",
        "image": "https://img.fw4free.com/postor/20250115231927ue04zUriVc6wwVCNaZRs3ZPZDlV.jpg",
        "subtitle": "https://pastebin.com/raw/XjDpyhzb",
        "url": "https://m1free.inwstream.com:1936/movie4/The_Haunted_Granny_2024/The_Haunted_Granny_2024_th_1080.mp4/playlist.m3u8",
        "referer": "https://fw4free.com/"
    },
    {
        "name": "คืนไร้เงา One Night Husband (2003)",
        "info": "พากย์ไทย",
        "image": "https://img.fw4free.com/postor/202501140351011lwZPpi1rCOdam0xrBnNb69gpAJ.jpg",
        "subtitle": "https://pastebin.com/raw/XjDpyhzb",
        "url": "https://m1free.inwstream.com:1936/movie4/One_Night_Husband_2003/One_Night_Husband_2003_th_up1080_AI.mp4/playlist.m3u8",
        "referer": "https://fw4free.com/"
    },
    {
        "name": "ปะฉะดะ Shoot It Up (2024)",
        "info": "พากย์ไทย",
        "image": "https://img.fw4free.com/postor/20250113000112unnaddmed.jpg",
        "subtitle": "https://pastebin.com/raw/XjDpyhzb",
        "url": "https://m1free.inwstream.com:1936/movie4/Shoot_It_Up_2024/Shoot_It_Up_2024_th_1080.mp4/playlist.m3u8",
        "referer": "https://fw4free.com/"
    },
    {
        "name": "อวสานเนตรนารี Nednari (2023)",
        "info": "พากย์ไทย",
        "image": "https://img.fw4free.com/postor/20250112235214fyqy2QbLc3qG4h8WKX8EiwHfa14.jpg",
        "subtitle": "https://pastebin.com/raw/XjDpyhzb",
        "url": "https://m1free.inwstream.com:1936/movie4/Nednari_2023/Nednari_2023_th_1080.mp4/playlist.m3u8",
        "referer": "https://fw4free.com/"
    },
    {
        "name": "หลวงพี่เท่ง 3 รุ่นฮาเขย่าโลก The Holy Man 3 (2010)",
        "info": "พากย์ไทย",
        "image": "https://img.fw4free.com/postor/20250110022547m1GA0hsMYIpQj6mrxHppJlM1gA0.jpg",
        "subtitle": "https://pastebin.com/raw/XjDpyhzb",
        "url": "https://m1free.inwstream.com:1936/movie4/The_Holy_Man_3_2010/The_Holy_Man_3_2010_th_1080.mp4/playlist.m3u8",
        "referer": "https://fw4free.com/"
    },
    {
        "name": "หลวงพี่เท่ง 2 รุ่นฮาร่ำรวย The Holy Man 2 (2008)",
        "info": "พากย์ไทย",
        "image": "https://img.fw4free.com/postor/20250110021905lUtFrWHIuwYRQPomvQRqXasHY6H.jpg",
        "subtitle": "https://pastebin.com/raw/XjDpyhzb",
        "url": "https://m1free.inwstream.com:1936/movie4/The_Holy_Man_2_2008/The_Holy_Man_2_2008_th_1080.mp4/playlist.m3u8",
        "referer": "https://fw4free.com/"
    },
    {
        "name": "หลวงพี่เท่ง The Holy Man (2005)",
        "info": "พากย์ไทย",
        "image": "https://img.fw4free.com/postor/20250110021341dV4VHso6N6HeRnv6Hc1kxo7SZRN.jpg",
        "subtitle": "https://pastebin.com/raw/XjDpyhzb",
        "url": "https://m1free.inwstream.com:1936/movie4/The_Holy_Man_2005/The_Holy_Man_2005_th_1080.mp4/playlist.m3u8",
        "referer": "https://fw4free.com/"
    },
    {
        "name": "วิมานหนาม The Paradise of Thorns (2024)",
        "info": "พากย์ไทย",
        "image": "https://img.fw4free.com/postor/20250109004742uhtW7uC8VjRnaObBCiQ7erABDov.jpg",
        "subtitle": "https://pastebin.com/raw/XjDpyhzb",
        "url": "https://m1free.inwstream.com:1936/movie4/The_Paradise_of_Thorns_2024/The_Paradise_of_Thorns_2024_th_1080.mp4/playlist.m3u8",
        "referer": "https://fw4free.com/"
    },
    {
        "name": "หลวงพี่เท่ง Comeback The Holy Man Comeback (2024)",
        "info": "พากย์ไทย",
        "image": "https://img.fw4free.com/postor/20250108184350iI7DI648Q3WbprilXfxCSxFI07D.jpg",
        "subtitle": "https://pastebin.com/raw/XjDpyhzb",
        "url": "https://m1free.inwstream.com:1936/movie4/The_Holy_Man_Comeback_2024/The_Holy_Man_Comeback_2024_th_1080.mp4/playlist.m3u8",
        "referer": "https://fw4free.com/"
    },
    {
        "name": "ยูเรนัส 2324 Uranus 2324 (2024)",
        "info": "พากย์ไทย",
        "image": "https://img.fw4free.com/postor/20241228222340zTD9HytRG1nfP5pdOAYmPyXj05d.jpg",
        "subtitle": "https://pastebin.com/raw/XjDpyhzb",
        "url": "https://m1free.inwstream.com:1936/movie4/Uranus_2324_2024/Uranus_2324_2024_th_1080.mp4/playlist.m3u8",
        "referer": "https://fw4free.com/"
    },
    {
        "name": "ฝีนาค Fee Nak (2024)",
        "info": "พากย์ไทย",
        "image": "https://img.fw4free.com/postor/20241219172212cbee9a23-3a7a-4f52-a0b1-c3ae1a9f471a.jpg",
        "subtitle": "https://pastebin.com/raw/XjDpyhzb",
        "url": "https://m1free.inwstream.com:1936/movie4/Fee_Nak_2024/Fee_Nak_2024_TH_1080p.mp4/playlist.m3u8",
        "referer": "https://fw4free.com/"
    },
    {
        "name": "มานะแมน Mana Man (2024)",
        "info": "พากย์ไทย",
        "image": "https://img.fw4free.com/postor/20241218042054unnamed.jpg",
        "subtitle": "https://pastebin.com/raw/XjDpyhzb",
        "url": "https://m1free.inwstream.com:1936/movie4/Mana_Man_2024/Mana_Man_2024_th_1080.mp4/playlist.m3u8",
        "referer": "https://fw4free.com/"
    },
    {
        "name": "ตาคลี เจเนซิส Taklee Genesis (2024)",
        "info": "พากย์ไทย",
        "image": "https://img.fw4free.com/postor/20240928153011tpNaGwo8IZXX95nHlfhLeMyE7HZ.jpg",
        "subtitle": "https://pastebin.com/raw/XjDpyhzb",
        "url": "https://m1free.inwstream.com:1936/movie4/Taklee_Genesis_2024/Taklee_Genesis_2024_th_1080.mp4/playlist.m3u8",
        "referer": "https://fw4free.com/"
    },
    {
        "name": "สนิมสร้อย Feathers of Passion (2003)",
        "info": "พากย์ไทย",
        "image": "https://img.fw4free.com/postor/20241211051514npnyG4WyNViSLRi45mYC7hGET3k.jpg",
        "subtitle": "https://pastebin.com/raw/XjDpyhzb",
        "url": "https://m1free.inwstream.com:1936/movie4/Feathers_of_Passion_2003/Feathers_of_Passion_2003_th_480.mp4/playlist.m3u8",
        "referer": "https://fw4free.com/"
    },
    {
        "name": "ช.พ.๑ สมรภูมิคืนชีพ Operation Undead (2024)",
        "info": "พากย์ไทย",
        "image": "https://img.fw4free.com/postor/20241207024702rs10lMBnJFnJX1Y7MYpyB8JiNAF.jpg",
        "subtitle": "https://pastebin.com/raw/XjDpyhzb",
        "url": "https://m1free.inwstream.com:1936/movie4/Operation_Undead_2024/Operation_Undead_2024_th_1080.mp4/playlist.m3u8",
        "referer": "https://fw4free.com/"
    },
    {
        "name": "อำนาจ ศรัทธา อนาคต Breaking the Cycle (2024)",
        "info": "บรรยายไทย",
        "image": "https://img.fw4free.com/postor/20241129205927mHKO9D3lZ7TjBNyIOJzg3xFHbMA.jpg",
        "subtitle": "https://pastebin.com/raw/XjDpyhzb",
        "url": "https://m1free.inwstream.com:1936/movie4/Breaking_the_Cycle_2024/Breaking_the_Cycle_2024_th_1080.mp4/playlist.m3u8",
        "referer": "https://fw4free.com/"
    },
    {
        "name": "แดนสาป The Cursed Land (2024)",
        "info": "พากย์ไทย",
        "image": "https://img.fw4free.com/postor/20241121012727h2xI8LpnleyWzIrjtgBLrE3fc13.jpg",
        "subtitle": "https://pastebin.com/raw/XjDpyhzb",
        "url": "https://m1free.inwstream.com:1936/movie4/The_Cursed_Land_2024/The_Cursed_Land_2024_th_1080_F.mp4/playlist.m3u8",
        "referer": "https://fw4free.com/"
    },
    {
        "name": "ผีจิก Oh...My Wife (2024)",
        "info": "พากย์ไทย",
        "image": "https://img.fw4free.com/postor/20241031161302105175_riPF6wDLLpWVwsH4uMt9.jpg",
        "subtitle": "https://pastebin.com/raw/XjDpyhzb",
        "url": "https://m1free.inwstream.com:1936/movie4/Oh_My_Wife_2024/Oh_My_Wife_2024_th_1080.mp4/playlist.m3u8",
        "referer": "https://fw4free.com/"
    },
    {
        "name": "รักวนลูป Love Stuck (2024)",
        "info": "พากย์ไทย",
        "image": "https://img.fw4free.com/postor/202410171644536XnXvJ3bgT6vDIJKibldt0RTv89.jpg",
        "subtitle": "https://pastebin.com/raw/XjDpyhzb",
        "url": "https://m1free.inwstream.com:1936/movie4/Love_Stuck_2024/Love_Stuck_2024_th_1080.mp4/playlist.m3u8",
        "referer": "https://fw4free.com/"
    },
    {
        "name": "เทอม 3 Haunted Universities 3 (2024)",
        "info": "พากย์ไทย",
        "image": "https://img.fw4free.com/postor/20241017155137wrgcEz7En3yqe2ZvNQV5zKR3uuI.jpg",
        "subtitle": "https://pastebin.com/raw/XjDpyhzb",
        "url": "https://m1free.inwstream.com:1936/movie4/Haunted_Universities_3_2024/Haunted_Universities_3_2024_th_1080.mp4/playlist.m3u8",
        "referer": "https://fw4free.com/"
    },
    {
        "name": "อสุจ๊าก The Sperm (2007)",
        "info": "พากย์ไทย",
        "image": "https://img.fw4free.com/postor/20241016171450wRPZYml0KRddzrKuakGqWk0gdsh.jpg",
        "subtitle": "https://pastebin.com/raw/XjDpyhzb",
        "url": "https://m1free.inwstream.com:1936/movie4/The_Sperm_2007/The_Sperm_2007_th_1080.mp4/playlist.m3u8",
        "referer": "https://fw4free.com/"
    },
    {
        "name": "เมียแต่ง Legal Wife (1986)",
        "info": "พากย์ไทย",
        "image": "https://img.fw4free.com/postor/20241012044502unnamedd.jpg",
        "subtitle": "https://pastebin.com/raw/XjDpyhzb",
        "url": "https://m1free.inwstream.com:1936/movie4/Legal_Wife_1986/Legal_Wife_1986_th_720.mp4/playlist.m3u8",
        "referer": "https://fw4free.com/"
    },
    {
        "name": "หอแต๋วแตก แหกสัปะหยด Oh My Ghost : The Finale (2024)",
        "info": "พากย์ไทย",
        "image": "https://img.fw4free.com/postor/20241010172337h59dS8S28ANNfWj5nuga2PveHPP.jpg",
        "subtitle": "https://pastebin.com/raw/XjDpyhzb",
        "url": "https://m1free.inwstream.com:1936/movie4/Oh_My_Ghost_The_Finale_2024/Oh_My_Ghost_The_Finale_2024_th_1080.mp4/playlist.m3u8",
        "referer": "https://fw4free.com/"
    },
    {
        "name": "อนงค์ My Boo (2024)",
        "info": "พากย์ไทย",
        "image": "https://img.fw4free.com/postor/20241010005745o0QqNbfO5YLcZs066RrRiph10zl.jpg",
        "subtitle": "https://pastebin.com/raw/XjDpyhzb",
        "url": "https://m1free.inwstream.com:1936/movie4/My_Boo_2024/My_Boo_2024_th_1080.mp4/playlist.m3u8",
        "referer": "https://fw4free.com/"
    },
    {
        "name": "อนุบาล เด็กโข่ง Kindergarten War (2009)",
        "info": "พากย์ไทย",
        "image": "https://img.fw4free.com/postor/202410072222257Yykdon2BoQTsMM7V4FTVrNRX6b.jpg",
        "subtitle": "https://pastebin.com/raw/XjDpyhzb",
        "url": "https://m1free.inwstream.com:1936/movie4/Kindergarten_War_2009/Kindergarten_War_2009_th_1080.mp4/playlist.m3u8",
        "referer": "https://fw4free.com/"
    },
    {
        "name": "มหา'ลัยสยองขวัญ Haunted Universities (2009)",
        "info": "พากย์ไทย",
        "image": "https://img.fw4free.com/postor/20241002224954yiNU3XmCrUm3YOmucKngf311tw8.jpg",
        "subtitle": "https://pastebin.com/raw/XjDpyhzb",
        "url": "https://m1free.inwstream.com:1936/movie4/Haunted_Universities_2009/Haunted_Universities_2009_th_1080.mp4/playlist.m3u8",
        "referer": "https://fw4free.com/"
    },
    {
        "name": "ฝ่านรกเมืองเทวดา Bangkok Breaking: Heaven and Hell (2024)",
        "info": "พากย์ไทย",
        "image": "https://img.fw4free.com/postor/202409270355116VeDn4oIeUK4XwjWGWMb6qvMImQ.jpg",
        "subtitle": "https://pastebin.com/raw/XjDpyhzb",
        "url": "https://m1free.inwstream.com:1936/movie4/Bangkok_Breaking_Heaven_and_Hell_2024/Bangkok_Breaking_Heaven_and_Hell_2024_th_1080.mp4/playlist.m3u8",
        "referer": "https://fw4free.com/"
    },
    {
        "name": "คำมั่นสัญญา Promise (1987)",
        "info": "พากย์ไทย",
        "image": "https://img.fw4free.com/postor/20240925171328pJ4DmYJcnNtWC7Ecg1SjJnBlNs6.jpg",
        "subtitle": "https://pastebin.com/raw/XjDpyhzb",
        "url": "https://m1free.inwstream.com:1936/movie4/Promise_1987/Promise_1987_th_720.mp4/playlist.m3u8",
        "referer": "https://fw4free.com/"
    },
    {
        "name": "พี่เลี้ยง Senior (1988)",
        "info": "พากย์ไทย",
        "image": "https://img.fw4free.com/postor/202409251708000124_babysister_H_01.jpg",
        "subtitle": "https://pastebin.com/raw/XjDpyhzb",
        "url": "https://m1free.inwstream.com:1936/movie4/Senior_1988/Senior_1988_th_720.mp4/playlist.m3u8",
        "referer": "https://fw4free.com/"
    },
    {
        "name": "แรงหึง Jealousy (1986)",
        "info": "พากย์ไทย",
        "image": "https://img.fw4free.com/postor/20240925170012ll91dmRwcIG02Eu6Cwdd87iJJYrTo.jpg",
        "subtitle": "https://pastebin.com/raw/XjDpyhzb",
        "url": "https://m1free.inwstream.com:1936/movie4/Jealousy_1986/Jealousy_1986_th_720.mp4/playlist.m3u8",
        "referer": "https://fw4free.com/"
    },
    {
        "name": "โคตรทีมรหัสลับ จอห์นนี่ Code Name: Johnny (2024)",
        "info": "พากย์ไทย",
        "image": "https://img.fw4free.com/postor/20240922040754d3b059c0-6aa6-11ef-9fa0-23ad3b623f86_webp_original.jpg",
        "subtitle": "https://pastebin.com/raw/XjDpyhzb",
        "url": "https://m1free.inwstream.com:1936/movie4/Code_Name_Johnny_2024/Code_Name_Johnny_2024_th_1080.mp4/playlist.m3u8",
        "referer": "https://fw4free.com/"
    },
    {
        "name": "มอร์ริสัน Morrison (2024)",
        "info": "พากย์ไทย",
        "image": "https://img.fw4free.com/postor/20240922040124bbALxa9kLqSVFNrJdNlPjoPKEFb.jpg",
        "subtitle": "https://pastebin.com/raw/XjDpyhzb",
        "url": "https://m1free.inwstream.com:1936/movie4/Morrison_2023/Morrison_2023_th_1080_F.mp4/playlist.m3u8",
        "referer": "https://fw4free.com/"
    },
    {
        "name": "สัปเหน่อ Under Accent Taker (2024)",
        "info": "พากย์ไทย",
        "image": "https://img.fw4free.com/postor/20240915060210cVWP9WJ6NgeUDBdHfUehjaZqrB7.jpg",
        "subtitle": "https://pastebin.com/raw/XjDpyhzb",
        "url": "https://m1free.inwstream.com:1936/movie4/Under_Accent_Taker_2024/Under_Accent_Taker_2024_th_1080.mp4/playlist.m3u8",
        "referer": "https://fw4free.com/"
    },
    {
        "name": "เพื่อน...กูรักมึงว่ะ Bangkok Love Story (2007)",
        "info": "พากย์ไทย",
        "image": "https://img.fw4free.com/postor/20240913000233rjf3HMiVLMcS4cEgUcs5e9gjlMk.jpg",
        "subtitle": "https://pastebin.com/raw/XjDpyhzb",
        "url": "https://m1free.inwstream.com:1936/movie4/Bangkok_Love_Story_2007/Bangkok_Love_Story_2007_th_1080.mp4/playlist.m3u8",
        "referer": "https://fw4free.com/"
    },
    {
        "name": "หลานม่า How to Make Millions Before Grandma Dies (2024)",
        "info": "พากย์ไทย",
        "image": "https://img.fw4free.com/postor/202409120011479Xa0Grd2jq2lM2gqcoTB4F9TjMd.jpg",
        "subtitle": "https://pastebin.com/raw/XjDpyhzb",
        "url": "https://m1free.inwstream.com:1936/movie4/How_to_Make_Millions_Before_Grandma_Dies_2024/How_to_Make_Millions_Before_Grandma_Dies_2024_th_1080_F.mp4/playlist.m3u8",
        "referer": "https://fw4free.com/"
    },
    {
        "name": "เรื่องรัก น้อยนิด มหาศาล Last Life in the Universe (2003)",
        "info": "พากย์ไทย",
        "image": "https://img.fw4free.com/postor/20240909213218pN6e9bMNfFNsIJZqb924KKu8lq4.jpg",
        "subtitle": "https://pastebin.com/raw/XjDpyhzb",
        "url": "https://m1free.inwstream.com:1936/movie4/Last_Life_in_the_Universe_2003/Last_Life_in_the_Universe_2003_th_1080.mp4/playlist.m3u8",
        "referer": "https://fw4free.com/"
    },
    {
        "name": "ภวังค์รัก Concrete Clouds (2013)",
        "info": "พากย์ไทย",
        "image": "https://img.fw4free.com/postor/20240908230720jAkpo9M6m7ZTakBMOlCxfzi2vxJ.jpg",
        "subtitle": "https://pastebin.com/raw/XjDpyhzb",
        "url": "https://m1free.inwstream.com:1936/movie4/Concrete_Clouds_2013/Concrete_Clouds_2013_th_1080.mp4/playlist.m3u8",
        "referer": "https://fw4free.com/"
    },
    {
        "name": "เธอฟอร์แคช Love You to Debt (2024)",
        "info": "พากย์ไทย",
        "image": "https://img.fw4free.com/postor/20240829073322zUXK4yzxRhIka2xUegjcK9xA33u.jpg",
        "subtitle": "https://pastebin.com/raw/XjDpyhzb",
        "url": "https://m1free.inwstream.com:1936/movie4/Love_You_to_Debt_2024/Love_You_to_Debt_2024_th_1080.mp4/playlist.m3u8",
        "referer": "https://fw4free.com/"
    },
    {
        "name": "อนึ่ง คิดถึงเป็นอย่างยิ่ง Miss You Again (2009)",
        "info": "พากย์ไทย",
        "image": "https://img.fw4free.com/postor/20240825170907iEnlqttbDu0jpC6JD5APsmSSWy.jpg",
        "subtitle": "https://pastebin.com/raw/XjDpyhzb",
        "url": "https://m1free.inwstream.com:1936/movie4/Miss_You_Again_2009/Miss_You_Again_2009_th_1080.mp4/playlist.m3u8",
        "referer": "https://fw4free.com/"
    },
    {
        "name": "อนึ่ง คิดถึงพอสังเขป รุ่น 2 I Miss You 2 (1996)",
        "info": "พากย์ไทย",
        "image": "https://img.fw4free.com/postor/202408251700534VzbqqpTI9tvkznnm383hgcPlMq.jpg",
        "subtitle": "https://pastebin.com/raw/XjDpyhzb",
        "url": "https://m1free.inwstream.com:1936/movie4/I_Miss_You_2_1996/I_Miss_You_2_1996_th_1080.mp4/playlist.m3u8",
        "referer": "https://fw4free.com/"
    },
    {
        "name": "อนึ่ง คิดถึงพอสังเขป I Miss You (1992)",
        "info": "พากย์ไทย",
        "image": "https://img.fw4free.com/postor/20240825165737156-อนึ่งคิดถึงพอสังเขป1-2.jpg",
        "subtitle": "https://pastebin.com/raw/XjDpyhzb",
        "url": "https://m1free.inwstream.com:1936/movie4/I_Miss_You_1992/I_Miss_You_1992_th_1080.mp4/playlist.m3u8",
        "referer": "https://fw4free.com/"
    },
    {
        "name": "ม.6/2 ห้องครูวารี ภาค2 High School Life 2 (1996)",
        "info": "พากย์ไทย",
        "image": "https://img.fw4free.com/postor/20240807205041i6yFV6UANMVtSGKh67wMAe3NeeE.jpg",
        "subtitle": "https://pastebin.com/raw/XjDpyhzb",
        "url": "https://m1free.inwstream.com:1936/movie4/High_School_Life_2_1996/High_School_Life_2_1996_th_720.mp4/playlist.m3u8",
        "referer": "https://fw4free.com/"
    },
    {
        "name": "ม.6/2 ห้องครูวารี High School Life (1994)",
        "info": "พากย์ไทย",
        "image": "https://img.fw4free.com/postor/20240807204252fZxFoEq9Bu7WtBtyUgzDuNAY1Gf.jpg",
        "subtitle": "https://pastebin.com/raw/XjDpyhzb",
        "url": "https://m1free.inwstream.com:1936/movie4/High_School_Life_1994/High_School_Life_1994_th_720.mp4/playlist.m3u8",
        "referer": "https://fw4free.com/"
    },
    {
        "name": "สะแด่วแห้ว Hero Haew (1992)",
        "info": "พากย์ไทย",
        "image": "https://img.fw4free.com/postor/202408071811489zwIxLlXgMyIo3VWe80n6EmxfFL.jpg",
        "subtitle": "https://pastebin.com/raw/XjDpyhzb",
        "url": "https://m1free.inwstream.com:1936/movie4/Hero_Haew_1992/Hero_Haew_1992_th_720.mp4/playlist.m3u8",
        "referer": "https://fw4free.com/"
    },
    {
        "name": "พุ่มพวง The Moon (2011)",
        "info": "พากย์ไทย",
        "image": "https://img.fw4free.com/postor/202408062020139NTlmnHn83c0PJhMaHPbjdcJR98.jpg",
        "subtitle": "https://pastebin.com/raw/XjDpyhzb",
        "url": "https://m1free.inwstream.com:1936/movie4/The_Moon_2011/The_Moon_2011_th_1080.mp4/playlist.m3u8",
        "referer": "https://fw4free.com/"
    },
    {
        "name": "ศรี เมือง ใหม่ E-San Holy Trip (2022)",
        "info": "พากย์ไทย",
        "image": "https://img.fw4free.com/postor/20240803132406ศรีเมืองใหม่-Poster.jpg",
        "subtitle": "https://pastebin.com/raw/XjDpyhzb",
        "url": "https://m1free.inwstream.com:1936/movie4/E_San_Holy_Trip_2022/E_San_Holy_Trip_2022_th_1080.mp4/playlist.m3u8",
        "referer": "https://fw4free.com/"
    },
    {
        "name": "โหมโรง The Overture (2004)",
        "info": "พากย์ไทย",
        "image": "https://img.fw4free.com/postor/202408011337501Mrmy2tOxIt92BPpE1hcEU3CMVL.jpg",
        "subtitle": "https://pastebin.com/raw/XjDpyhzb",
        "url": "https://m1free.inwstream.com:1936/movie4/The_Overture_2004/The_Overture_2004_th_1080.mp4/playlist.m3u8",
        "referer": "https://fw4free.com/"
    },
    {
        "name": "สตางค์ Satang (2000)",
        "info": "พากย์ไทย",
        "image": "https://img.fw4free.com/postor/20240801082154yIq7AaET4CML91oE0tyMeHItjFw.jpg",
        "subtitle": "https://pastebin.com/raw/XjDpyhzb",
        "url": "https://m1free.inwstream.com:1936/movie4/Satang_2000/Satang_2000_th_720_upscale.mp4/playlist.m3u8",
        "referer": "https://fw4free.com/"
    },
    {
        "name": "เหมรฺย Cursed (The Promised)",
        "info": "พากย์ไทย",
        "image": "https://img.fw4free.com/postor/20240801001430MV5BZDZmOTg0ZDEtZDUyYS00OGNlLWFiMGItMGM4MjA0N2U1ZWRmXkEyXkFqcGdeQXVyNTE4NDk0NQ@@._V1_FMjpg_UX1000_.jpg",
        "subtitle": "https://pastebin.com/raw/XjDpyhzb",
        "url": "https://m1free.inwstream.com:1936/movie4/Cursed_2024/Cursed_2024_th_1080.mp4/playlist.m3u8",
        "referer": "https://fw4free.com/"
    },
    {
        "name": "พี่นาค 4 Pee Nak 4 (2024)",
        "info": "พากย์ไทย",
        "image": "https://img.fw4free.com/postor/20240725103017cutKmiY2waSRKvVVChIoQOEt4Xn.jpg",
        "subtitle": "https://pastebin.com/raw/XjDpyhzb",
        "url": "https://m1free.inwstream.com:1936/movie4/Pee_Nak_4_2024/Pee_Nak_4_2024_TH_1080p.mp4/playlist.m3u8",
        "referer": "https://fw4free.com/"
    },
    {
        "name": "โอปปาติก เกิดอมตะ Demon Warriors (2007)",
        "info": "พากย์ไทย",
        "image": "https://img.fw4free.com/postor/20240716154642oPDwPFhDFDqY0RhXQiAXq7cCWPX.jpg",
        "subtitle": "https://pastebin.com/raw/XjDpyhzb",
        "url": "https://m1free.inwstream.com:1936/movie4/Demon_Warriors_2007/Demon_Warriors_2007_th_1080.mp4/playlist.m3u8",
        "referer": "https://fw4free.com/"
    },
    {
        "name": "ปิดเมืองล่า Pattaya Heat (2024)",
        "info": "พากย์ไทย",
        "image": "https://img.fw4free.com/postor/20240705015807mYTVSnUdJrRGDji1VYwcoUsWuil.jpg",
        "subtitle": "https://pastebin.com/raw/XjDpyhzb",
        "url": "https://m1free.inwstream.com:1936/movie4/Pattaya_Heat_2024/Pattaya_Heat_2024_th_1080.mp4/playlist.m3u8",
        "referer": "https://fw4free.com/"
    },
    {
        "name": "ไชน่าทาวน์ ชะช่า Chinatown Chacha (2024)",
        "info": "พากย์ไทย",
        "image": "https://img.fw4free.com/postor/202406190749178xuannh2niAZWueTr3nRiFMTgUg.jpg",
        "subtitle": "https://pastebin.com/raw/XjDpyhzb",
        "url": "https://m1free.inwstream.com:1936/movie3/Chinatown_Chacha_2024/Chinatown_Chacha_2024_TH_1080p.mp4/playlist.m3u8",
        "referer": "https://fw4free.com/"
    },
    {
        "name": "อีสานซอมบี้ E-Sarn Zombie (2023)",
        "info": "พากย์ไทย",
        "image": "https://img.fw4free.com/postor/20240606034947sVisg0ppJqHcDOHAwlChL4MCfn.jpg",
        "subtitle": "https://pastebin.com/raw/XjDpyhzb",
        "url": "https://m1free.inwstream.com:1936/movie3/E_Sarn_Zombie_2023/E_Sarn_Zombie_2023_th_1080.mp4/playlist.m3u8",
        "referer": "https://fw4free.com/"
    },
    {
        "name": "ผีหัวขาด 2 Headless Hero 2 (2004)",
        "info": "พากย์ไทย",
        "image": "https://img.fw4free.com/postor/202406010344143SaDxQuEuvdHQTwX.jpg",
        "subtitle": "https://pastebin.com/raw/XjDpyhzb",
        "url": "https://m1free.inwstream.com:1936/movie3/Headless_Hero_2_2004/Headless_Hero_2_2004_th_1080.mp4/playlist.m3u8",
        "referer": "https://fw4free.com/"
    }
]